-- phpMyAdmin SQL Dump
-- version 6.0.0-dev+20250718.d42db65a1e
-- https://www.phpmyadmin.net/
--
-- Host: localhost:3306
-- Generation Time: Oct 27, 2025 at 01:54 AM
-- Server version: 8.4.3
-- PHP Version: 8.3.16

SET SQL_MODE = "NO_AUTO_VALUE_ON_ZERO";
START TRANSACTION;
SET time_zone = "+00:00";


/*!40101 SET @OLD_CHARACTER_SET_CLIENT=@@CHARACTER_SET_CLIENT */;
/*!40101 SET @OLD_CHARACTER_SET_RESULTS=@@CHARACTER_SET_RESULTS */;
/*!40101 SET @OLD_COLLATION_CONNECTION=@@COLLATION_CONNECTION */;
/*!40101 SET NAMES utf8mb4 */;

--
-- Database: `absensi`
--

-- --------------------------------------------------------

--
-- Table structure for table `aaa`
--

CREATE TABLE `aaa` (
  `pin` varchar(20) NOT NULL,
  `nama` varchar(100) CHARACTER SET utf8mb4 COLLATE utf8mb4_0900_ai_ci NOT NULL
) ENGINE=InnoDB DEFAULT CHARSET=utf8mb4 COLLATE=utf8mb4_0900_ai_ci;

-- --------------------------------------------------------

--
-- Table structure for table `absence_notes`
--

CREATE TABLE `absence_notes` (
  `id` int NOT NULL,
  `pin` varchar(50) NOT NULL,
  `date` date NOT NULL,
  `code` varchar(20) NOT NULL,
  `updated_at` timestamp NULL DEFAULT NULL,
  `created_at` timestamp NULL DEFAULT CURRENT_TIMESTAMP
) ENGINE=InnoDB DEFAULT CHARSET=utf8mb4 COLLATE=utf8mb4_0900_ai_ci;

--
-- Dumping data for table `absence_notes`
--

INSERT INTO `absence_notes` (`id`, `pin`, `date`, `code`, `updated_at`, `created_at`) VALUES
(1, '508', '2025-08-01', 'I', '2025-09-10 08:20:22', '2025-09-10 08:20:22'),
(2, '508', '2025-08-02', 'A', '2025-09-11 07:30:31', '2025-09-11 07:30:31');

-- --------------------------------------------------------

--
-- Table structure for table `karyawan_test`
--

CREATE TABLE `karyawan_test` (
  `id` int NOT NULL,
  `pin` varchar(20) NOT NULL,
  `nip` varchar(50) NOT NULL,
  `bagian` varchar(50) CHARACTER SET utf8mb4 COLLATE utf8mb4_0900_ai_ci NOT NULL
) ENGINE=InnoDB DEFAULT CHARSET=utf8mb4 COLLATE=utf8mb4_0900_ai_ci;

--
-- Dumping data for table `karyawan_test`
--

INSERT INTO `karyawan_test` (`id`, `pin`, `nip`, `bagian`) VALUES
(5, '508', '291101000158', 'IT Maintenance'),
(6, '1', 'LMG-2015-001', 'Bahan Baku'),
(7, '2', 'LMG-2015-003', 'Cabut'),
(8, '3', 'LMG-2015-005', 'Cabut'),
(9, '4', 'LMG-2015-008', 'Bahan Baku'),
(10, '5', 'LMG-2015-012', 'Moulding'),
(11, '6', 'LMG-2015-013', 'Dry A'),
(12, '7', 'LMG-2015-014', 'Moulding'),
(13, '8', 'LMG-2015-015', 'Cabut'),
(14, '9', 'LMG-2016-016', 'Moulding'),
(15, '10', 'LMG-2016-017', 'Cabut'),
(16, '11', 'LMG-2016-019', 'Cabut'),
(17, '12', 'LMG-2016-020', 'Driver'),
(18, '13', 'LMG-2016-022', 'Cabut'),
(19, '14', 'LMG-2017-023', 'Cuci Bersih'),
(20, '15', 'LMG-2017-027', 'Manager Produksi'),
(21, '16', 'LMG-2017-028', 'Bahan Baku'),
(22, '17', 'LMG-2017-030', 'Cabut'),
(23, '18', 'LMG-2017-032', 'Cuci Kotor'),
(24, '19', 'LMG-2017-034', 'Cuci Bersih'),
(25, '20', 'LMG-2017-035', 'Cabut'),
(26, '21', 'LMG-2018-001', 'Admin'),
(27, '22', 'LMG-2018-038', 'Cabut'),
(28, '23', 'LMG-2018-039', 'Cabut'),
(29, '24', 'LMG-2018-043', 'Cabut'),
(30, '25', 'LMG-2018-046', 'Moulding'),
(31, '26', 'LMG-2018-047', 'Cabut'),
(32, '27', 'LMG-2018-049', 'Moulding'),
(33, '28', 'LMG-2018-053', 'Rambang'),
(34, '29', 'LMG-2018-054', 'Cabut'),
(35, '30', 'LMG-2018-057', 'Cabut'),
(36, '31', 'LMG-2018-061', 'Cutter & Flek'),
(37, '32', 'LMG-2019-064', 'Cabut'),
(38, '33', 'LMG-2019-069', 'Cabut'),
(39, '34', 'LMG-2019-076', 'Cabut'),
(40, '35', 'LMG-2019-077', 'Cabut'),
(41, '36', 'LMG-2019-079', 'Cabut'),
(42, '37', 'LMG-2020-082', 'Rambang'),
(43, '38', 'LMG-2020-091', 'Moulding'),
(44, '39', 'LMG-2020-105', 'Bahan Baku'),
(45, '40', 'LMG-2020-111', 'Cuci Kotor'),
(46, '41', 'LMG-2020-114', 'Cabut'),
(47, '42', 'LMG-2021-118', 'Moulding'),
(48, '43', 'LMG-2021-122', 'Cabut'),
(49, '44', 'LMG-2021-126', 'Cutter & Flek'),
(50, '45', 'LMG-2021-129', 'Moulding'),
(51, '46', 'LMG-2021-130', 'Moulding'),
(52, '47', 'LMG-2021-134', 'Cabut'),
(53, '48', 'LMG-2021-136', 'Cabut'),
(54, '49', 'LMG-2021-138', 'Moulding'),
(55, '50', 'LMG-2021-139', 'Moulding');

-- --------------------------------------------------------

--
-- Table structure for table `payroll`
--

CREATE TABLE `payroll` (
  `id` int NOT NULL,
  `pin` varchar(10) NOT NULL,
  `nip` varchar(20) NOT NULL,
  `periode_awal` date NOT NULL,
  `periode_akhir` date NOT NULL,
  `kategori` enum('borongan cabut','borongan cetak','harian','bulanan') NOT NULL,
  `created_at` timestamp NULL DEFAULT CURRENT_TIMESTAMP,
  `updated_at` timestamp NULL DEFAULT CURRENT_TIMESTAMP ON UPDATE CURRENT_TIMESTAMP
) ENGINE=InnoDB DEFAULT CHARSET=utf8mb4 COLLATE=utf8mb4_0900_ai_ci;

-- --------------------------------------------------------

--
-- Table structure for table `tabel_user`
--

CREATE TABLE `tabel_user` (
  `pin` int NOT NULL,
  `name` varchar(100) NOT NULL
) ENGINE=InnoDB DEFAULT CHARSET=utf8mb4 COLLATE=utf8mb4_0900_ai_ci;

--
-- Dumping data for table `tabel_user`
--

INSERT INTO `tabel_user` (`pin`, `name`) VALUES
(1, 'ANIK'),
(2, 'ST. NUR FAROKAH'),
(3, 'SRI UTAMI'),
(4, 'SITI NUR FADLIHA'),
(5, 'YULIATIN'),
(6, 'EFITA DIAN MAHAYANI'),
(7, 'ANITA'),
(8, 'KARYAWATI'),
(9, 'NURKHASANAH'),
(10, 'SYAFI\'AH'),
(11, 'TUTIK'),
(12, 'SURAT'),
(13, 'SRI SUNARTI'),
(14, 'ELIYANA SINTA BAWAFI'),
(15, 'EVI ANA'),
(16, 'SULAIKAH'),
(17, 'SUWANTO'),
(18, 'ULUL KHOIRIAH'),
(19, 'SUWANI'),
(20, 'DIAN NIVITA ROSIDA'),
(21, 'JEKY ARIYANTO'),
(22, 'MUHAMMAD REGATANA '),
(23, 'SITI ROMLAH'),
(24, 'PATUR ABERTINO'),
(25, 'FHILIS SULESTARI'),
(27, 'ANAS JA\'FAR'),
(28, 'SUPI'),
(29, 'UMAIYAH'),
(30, 'DENIKO FERGIAN R'),
(32, 'INDAH PERMATA SARI'),
(33, 'MUNIRO'),
(34, 'WAHYU SURODO'),
(35, 'UMARIYAH'),
(36, 'ISWANTI'),
(38, 'EDWIN SAPUTRA PENGABEAN'),
(39, 'RINA DEVI ANDRAINI'),
(40, 'CANKISWAN'),
(41, 'OQKY VERDIANSYAH'),
(42, 'moh. hasyim chozimi'),
(43, 'ALDY KURNIAWAN'),
(45, 'DIMAS ADI PUTRA STIAWAN'),
(47, 'NU\'MAN WA\'D PRAWIRO N.'),
(48, 'M.JAMALUDIN AKBAR'),
(49, 'AGUS KURNIAWAN'),
(50, 'SHELY ANGGRAINI'),
(51, 'ROBBY ENDHY GABRIELEO'),
(52, 'DENI RETNO PUSPITA SARI'),
(53, 'ABDUL ROUF KHOIRI'),
(54, 'SHENDY NOPITA SARI'),
(55, 'AGUNG SAPUTRA'),
(56, 'YESY WIDYAH KRISTANTI'),
(57, 'MUHAMMAD TAMAMUR RIDWAN'),
(58, 'ETIKA AINUR ROHMAH'),
(60, 'LUTFI DWI FIRMANSYAH'),
(61, 'KOKO HANDOKO'),
(62, 'FEBRIANTI'),
(63, 'PUPUT INDRAWATI'),
(64, 'ADITYA VIQI MAULUDDIN'),
(65, 'ANDIKA ZULFAN'),
(66, 'AHMAD FUADDIN THOHARI'),
(67, 'ANANG IZUL MUTTHO'),
(68, 'IMAM KHUSNUL'),
(69, 'PRAYOGA DWI CAHYO'),
(70, 'ISHAQ '),
(71, 'TSALIS AKMALUDIN NI\'AM'),
(72, 'RIO SARNUDIN'),
(73, 'FARIS RAHMAN'),
(74, 'NUR ALIM ZAINURI'),
(75, 'NIKO YUDHO BINTORO'),
(76, 'DANDI MAHA PUTRA'),
(77, 'ALI MASKAN ,MUSA'),
(78, 'ERIAN AHMAD ANUGRAH'),
(79, 'ABDUH ZHIHAD AMROUSHY'),
(82, 'MOH. AINUR ROFIQ S'),
(83, 'TETIK IRAWATI'),
(84, 'YULIANA DWI ROCHMAH'),
(85, 'ACH. ZAINUDDIN MAHMUD'),
(86, 'RINTO BINARKO'),
(87, 'YAYUK EKOWATI'),
(88, 'ANIS ANDARWATI'),
(90, 'AFRIAN FIRMANA'),
(91, 'NURIYATI'),
(94, 'YOFI ANDREYAN MAULANA'),
(95, 'ADITYA JOKO SAMUDRO'),
(96, 'BAYU EKO SULKAKSONO'),
(97, 'MUHAMMAD EFENDI'),
(98, 'M. GAUNG SIDIQ ALFAINI'),
(99, 'NILA WIDYA SARI'),
(101, 'FARDHIND LUTHFI A.'),
(102, 'ANDREAN FELANI '),
(103, 'NUR ARROFATUL FITRIYAH'),
(104, 'SAFRIDAHANI'),
(105, 'DESSY KAWATY'),
(106, 'KHUSNUL FATIMAH'),
(108, 'Ahmadmaulanaiskhaq'),
(109, 'RULIATUL FIDIAH'),
(110, 'WAHYU SURODO'),
(111, '111'),
(113, 'AHMAD NURUL IZZUDDIN'),
(115, 'LUTFI DWI FIRMANSYAH'),
(116, 'YUNI INDARWATI'),
(117, 'RAIHAN RANGGA ANDHIKA P'),
(118, 'KERINNA'),
(119, 'ZUSITA ARDHIA INDRAYANI'),
(120, 'MAS\'OED'),
(121, 'KIDUNG ALFIANI SIDIQ'),
(122, 'TONI IKHWANDI'),
(123, 'ANGGI ALFRIADIN'),
(124, 'MOH. FIRDAN ADDY M.'),
(125, 'DEDIK PRASTYO'),
(126, 'MUHAMMAD DAFIN WIDYANTO'),
(127, 'MUHAMMAD CHAKIMUN ALIM'),
(128, 'M. HARYA BAGASKARA'),
(129, 'MAINDRA ANDRI PRANATA'),
(130, 'M. ZAINUL MU\'ARIF'),
(131, 'HENDRIK WIJAYA'),
(132, 'ANISAH INDRA PERMATA S'),
(133, 'FAHMI MAULANA'),
(134, 'M. JAMALUDDIN SAPUTRA'),
(135, 'FARID JUNAIDI PRASTYO'),
(136, 'AHMAD ADITYA MAHESA S'),
(137, 'M. NURUL YAQHIN'),
(140, 'DANANG USDIANTO'),
(141, 'AHMAD NUR SHOLIHUDIN D'),
(142, 'MOKHAMAD ILHAM MATINU J'),
(143, 'ANDRI SETIAWAN'),
(145, 'M. FAIS FEBRIAN'),
(148, 'GIAN SATRIA TINO K'),
(150, 'FATKHOR ROHMAN'),
(152, 'IMAM KUSNUL'),
(153, 'NIKMATUS SHOLIKHAH'),
(154, 'ANDRE FEBIAN'),
(155, 'LELY DWI SYARASWATI'),
(157, 'AHMAD SURURI'),
(158, 'SUWARI'),
(159, 'SUHAR'),
(160, 'SUKAMTO'),
(161, 'AHMAD RODHI ASNAWI'),
(162, 'UJENG NOVIANA'),
(163, 'SITI JAMIL RATNAWATI'),
(164, 'SUTIKA'),
(165, 'RAHMA LATIFATUL F.'),
(166, 'IRMATUS SHOLIHAH'),
(167, 'TOTOK PRASETYO'),
(168, 'JUMASRI'),
(201, 'FABIAN ETMON'),
(202, 'DIMAS FEBRIAN VALENTINO'),
(203, 'MOCHAMMAD TAMAM A.'),
(204, 'MUHAMAD NAFIS ABDILLAH'),
(205, 'SILVI INDA CAHYATI'),
(341, 'FANIYNUR INDRIYANI'),
(342, 'EKO SURYANTO');

-- --------------------------------------------------------

--
-- Table structure for table `tb_user`
--

CREATE TABLE `tb_user` (
  `pin` varchar(50) COLLATE utf8mb4_unicode_ci NOT NULL,
  `name` varchar(100) COLLATE utf8mb4_unicode_ci NOT NULL
) ENGINE=InnoDB DEFAULT CHARSET=utf8mb4 COLLATE=utf8mb4_unicode_ci;

-- --------------------------------------------------------

--
-- Table structure for table `user`
--

CREATE TABLE `user` (
  `pin` int NOT NULL,
  `name` varchar(100) NOT NULL
) ENGINE=InnoDB DEFAULT CHARSET=utf8mb4 COLLATE=utf8mb4_0900_ai_ci;

--
-- Dumping data for table `user`
--

INSERT INTO `user` (`pin`, `name`) VALUES
(48, 'M.JAMALUDIN AKBAR'),
(49, 'AGUS KURNIAWAN'),
(50, 'SHELY ANGGRAINI'),
(51, 'ROBBY ENDHY GABRIELEO'),
(52, 'DENI RETNO PUSPITA SARI'),
(53, 'ABDUL ROUF KHOIRI'),
(54, 'SHENDY NOPITA SARI'),
(56, 'YESY WIDYAH KRISTANTI'),
(1, 'ANIK'),
(2, 'ST. NUR FAROKAH'),
(3, 'SRI UTAMI'),
(5, 'YULIATIN'),
(7, 'ANITA'),
(8, 'KARYAWATI'),
(9, 'NURKHASANAH'),
(11, 'TUTIK'),
(12, 'SURAT'),
(14, 'ELIYANA SINTA BAWAFI'),
(16, 'SULAIKAH'),
(20, 'DIAN NIVITA ROSIDA'),
(24, 'PATUR ABERTINO'),
(25, 'FHILIS SULESTARI'),
(27, 'ANAS JA\'FAR'),
(32, 'INDAH PERMATA SARI'),
(94, 'YOFI ANDREYAN MAULANA'),
(95, 'ADITYA JOKO SAMUDRO'),
(96, 'BAYU EKO SULKAKSONO'),
(97, 'MUHAMMAD EFENDI'),
(98, 'M. GAUNG SIDIQ ALFAINI'),
(99, 'NILA WIDYA SARI'),
(101, 'FARDHIND LUTHFI A.'),
(102, 'ANDREAN FELANI '),
(103, 'NUR ARROFATUL FITRIYAH'),
(104, 'SAFRIDAHANI'),
(105, 'DESSY KAWATY'),
(106, 'KHUSNUL FATIMAH'),
(108, 'Ahmadmaulanaiskhaq'),
(109, 'RULIATUL FIDIAH'),
(110, 'WAHYU SURODO'),
(113, 'AHMAD NURUL IZZUDDIN'),
(115, 'LUTFI DWI FIRMANSYAH'),
(341, 'FANIYNUR INDRIYANI'),
(116, 'YUNI INDARWATI'),
(117, 'RAIHAN RANGGA ANDHIKA P'),
(118, 'KERINNA'),
(119, 'ZUSITA ARDHIA INDRAYANI'),
(120, 'MAS\'OED'),
(121, 'KIDUNG ALFIANI SIDIQ'),
(4, 'SITI NUR FADLIHA'),
(10, 'SYAFI\'AH'),
(21, 'JEKY ARIYANTO'),
(23, 'SITI ROMLAH'),
(33, 'MUNIRO'),
(35, 'UMARIYAH'),
(342, 'EKO SURYANTO'),
(55, 'AGUNG SAPUTRA'),
(82, 'MOH. AINUR ROFIQ S'),
(83, 'TETIK IRAWATI'),
(84, 'YULIANA DWI ROCHMAH'),
(85, 'ACH. ZAINUDDIN MAHMUD'),
(86, 'RINTO BINARKO'),
(87, 'YAYUK EKOWATI'),
(88, 'ANIS ANDARWATI'),
(90, 'AFRIAN FIRMANA'),
(91, 'NURIYATI'),
(38, 'EDWIN SAPUTRA PENGABEAN'),
(47, 'NU\'MAN WA\'D PRAWIRO N.'),
(64, 'ADITYA VIQI MAULUDDIN'),
(65, 'ANDIKA ZULFAN'),
(66, 'AHMAD FUADDIN THOHARI'),
(67, 'ANANG IZUL MUTTHO'),
(68, 'IMAM KHUSNUL'),
(69, 'PRAYOGA DWI CAHYO'),
(70, 'ISHAQ '),
(71, 'TSALIS AKMALUDIN NI\'AM'),
(72, 'RIO SARNUDIN'),
(73, 'FARIS RAHMAN'),
(74, 'NUR ALIM ZAINURI'),
(75, 'NIKO YUDHO BINTORO'),
(76, 'DANDI MAHA PUTRA'),
(77, 'ALI MASKAN ,MUSA'),
(78, 'ERIAN AHMAD ANUGRAH'),
(79, 'ABDUH ZHIHAD AMROUSHY'),
(122, 'TONI IKHWANDI'),
(123, 'ANGGI ALFRIADIN'),
(124, 'MOH. FIRDAN ADDY M.'),
(125, 'DEDIK PRASTYO'),
(126, 'MUHAMMAD DAFIN WIDYANTO'),
(127, 'MUHAMMAD CHAKIMUN ALIM'),
(128, 'M. HARYA BAGASKARA'),
(129, 'MAINDRA ANDRI PRANATA'),
(130, 'M. ZAINUL MU\'ARIF'),
(131, 'HENDRIK WIJAYA'),
(132, 'ANISAH INDRA PERMATA S'),
(133, 'FAHMI MAULANA'),
(134, 'M. JAMALUDDIN SAPUTRA'),
(135, 'FARID JUNAIDI PRASTYO'),
(136, 'AHMAD ADITYA MAHESA S'),
(137, 'M. NURUL YAQHIN'),
(140, 'DANANG USDIANTO'),
(141, 'AHMAD NUR SHOLIHUDIN D'),
(142, 'MOKHAMAD ILHAM MATINU J'),
(143, 'ANDRI SETIAWAN'),
(145, 'M. FAIS FEBRIAN'),
(148, 'GIAN SATRIA TINO K'),
(150, 'FATKHOR ROHMAN'),
(152, 'IMAM KUSNUL'),
(6, 'EFITA DIAN MAHAYANI'),
(13, 'SRI SUNARTI'),
(15, 'EVI ANA'),
(17, 'SUWANTO'),
(18, 'ULUL KHOIRIAH'),
(19, 'SUWANI'),
(22, 'MUHAMMAD REGATANA '),
(28, 'SUPI'),
(29, 'UMAIYAH'),
(30, 'DENIKO FERGIAN R'),
(34, 'WAHYU SURODO'),
(36, 'ISWANTI'),
(39, 'RINA DEVI ANDRAINI'),
(40, 'CANKISWAN'),
(41, 'OQKY VERDIANSYAH'),
(42, 'moh. hasyim chozimi'),
(43, 'ALDY KURNIAWAN'),
(45, 'DIMAS ADI PUTRA STIAWAN'),
(57, 'MUHAMMAD TAMAMUR RIDWAN'),
(58, 'ETIKA AINUR ROHMAH'),
(60, 'LUTFI DWI FIRMANSYAH'),
(61, 'KOKO HANDOKO'),
(62, 'FEBRIANTI'),
(63, 'PUPUT INDRAWATI'),
(153, 'NIKMATUS SHOLIKHAH'),
(154, 'ANDRE FEBIAN'),
(155, 'LELY DWI SYARASWATI'),
(157, 'AHMAD SURURI'),
(158, 'SUWARI'),
(159, 'SUHAR'),
(160, 'SUKAMTO'),
(161, 'AHMAD RODHI ASNAWI'),
(162, 'UJENG NOVIANA'),
(163, 'SITI JAMIL RATNAWATI'),
(164, 'SUTIKA'),
(165, 'RAHMA LATIFATUL F.'),
(166, 'IRMATUS SHOLIHAH'),
(167, 'TOTOK PRASETYO'),
(168, 'JUMASRI'),
(111, '111'),
(201, 'FABIAN ETMON'),
(202, 'DIMAS FEBRIAN VALENTINO'),
(203, 'MOCHAMMAD TAMAM A.'),
(204, 'MUHAMAD NAFIS ABDILLAH'),
(205, 'SILVI INDA CAHYATI');

-- --------------------------------------------------------

--
-- Table structure for table `users`
--

CREATE TABLE `users` (
  `id` int NOT NULL,
  `pin` varchar(20) NOT NULL,
  `nip` varchar(100) NOT NULL,
  `nama` varchar(255) NOT NULL,
  `nik` varchar(25) NOT NULL,
  `jk` enum('L','P') NOT NULL,
  `job_title` enum('TL Cuci','TL Cabut','TL Kedatangan','Operator','SPV Moulding','TL Moulding','GTL Moulding','GTL Cabut','Driver','Manager Produksi','SPV Kedatangan','Checker Cabut','Admin Produktivitas','Checker Moulding','TL Pengiriman','Admin','TL Packing','Superintenden','Ass. Superintenden','TL Cutter & Flek','SPV Packing','Security','Sanitasi','Purchasing/ Logistic','Maintenance','Finance Accounting') CHARACTER SET utf8mb4 COLLATE utf8mb4_0900_ai_ci DEFAULT 'Operator',
  `job_level` enum('Operator','Team Leader','Supervisor','Group Team Leader','Manager','Checker','Administrasi','Driver','Superintenden','General Manager','Security','Sanitasi','Maintenance','Finance Accounting') CHARACTER SET utf8mb4 COLLATE utf8mb4_0900_ai_ci DEFAULT 'Operator',
  `tl_id` int DEFAULT NULL,
  `bagian` enum('-','Manager Produksi','Bahan Baku','Cabut','Dry A','Moulding','Cuci Bersih','Cuci Kotor','Admin','Rambang','Cutter & Flek','Dry B & HCR','HCR Moulding','Admin Cabut & Bahan Baku','Packing','Admin Drying & Moulding','SPV','TL Pre Cleaning','Checker Moulding','Timbang Indomie','Administrasi','Grading','Final Grading','Titil HCR','Moulding Indomie','CCP 1','Prewash','Driver','Admin Packing','Admin Cabut','Security','Sanitasi','Kasir Perusahaan','Maintenance IT','Finance Accounting','Maintenance') CHARACTER SET utf8mb4 COLLATE utf8mb4_0900_ai_ci DEFAULT NULL,
  `departemen` enum('Produksi','Support','Operation') DEFAULT 'Produksi',
  `kategori_gaji` enum('borongan cabut','borongan cetak','harian','bulanan') NOT NULL
) ENGINE=InnoDB DEFAULT CHARSET=utf8mb4 COLLATE=utf8mb4_0900_ai_ci;

--
-- Dumping data for table `users`
--

INSERT INTO `users` (`id`, `pin`, `nip`, `nama`, `nik`, `jk`, `job_title`, `job_level`, `tl_id`, `bagian`, `departemen`, `kategori_gaji`) VALUES
(1, '1', 'LMG-2015-001', 'ANIK', '3524196004800002', 'P', 'TL Cuci', 'Team Leader', 1, 'Bahan Baku', 'Produksi', 'bulanan'),
(2, '2', 'LMG-2015-003', 'ST. NUR FAROKAH', '3523056706860002', 'P', 'TL Cabut', 'Team Leader', 2, 'Cabut', 'Produksi', 'bulanan'),
(3, '3', 'LMG-2015-005', 'SRI UTAMI', '3524164212910001', 'P', 'TL Cabut', 'Team Leader', 3, 'Cabut', 'Produksi', 'bulanan'),
(4, '4', 'LMG-2015-008', 'SITI NUR FADLIHA', '3524126608860001', 'P', 'Operator', 'Operator', 40, 'Bahan Baku', 'Produksi', 'harian'),
(5, '5', 'LMG-2015-012', 'YULIATIN', '3524114705890002', 'P', 'SPV Moulding', 'Supervisor', NULL, 'Moulding', 'Produksi', 'bulanan'),
(6, '6', 'LMG-2015-013', 'EFITA DIAN MAHAYANI', '3524164709870001', 'P', 'Operator', 'Operator', NULL, 'CCP 1', 'Produksi', 'harian'),
(7, '7', 'LMG-2015-014', 'ANITA', '3524165511870002', 'P', 'TL Moulding', 'Team Leader', 7, 'Moulding', 'Produksi', 'bulanan'),
(8, '8', 'LMG-2015-015', 'KARYAWATI', '3524164910890002', 'P', 'TL Cabut', 'Team Leader', 8, 'Cabut', 'Produksi', 'bulanan'),
(9, '9', 'LMG-2016-016', 'NURKHASANAH', '3524166606820003', 'P', 'GTL Moulding', 'Group Team Leader', NULL, 'Moulding', 'Produksi', 'bulanan'),
(10, '10', 'LMG-2016-017', 'SYAFI\'AH', '3524195906860005', 'P', 'Operator', 'Operator', NULL, 'Cabut', 'Produksi', 'borongan cabut'),
(11, '11', 'LMG-2016-019', 'TUTIK', '3524195509870001', 'P', 'GTL Cabut', 'Group Team Leader', NULL, 'Cabut', 'Produksi', 'bulanan'),
(12, '12', 'LMG-2016-020', 'SURAT', '3524160109710002', 'L', 'Driver', 'Driver', NULL, 'Driver', 'Support', 'bulanan'),
(13, '13', 'LMG-2016-022', 'SRI SUNARTI', '3524125802890002', 'P', 'Operator', 'Operator', NULL, 'Cabut', 'Produksi', 'bulanan'),
(14, '14', 'LMG-2017-027', 'ELIYANA SINTA BAWAFI', '3505104908940001', 'P', 'Manager Produksi', 'Manager', NULL, 'Manager Produksi', 'Produksi', 'bulanan'),
(15, '15', 'LMG-2017-023', 'EVI ANA', '3524195503930002', 'P', 'Operator', 'Operator', 25, 'Cabut', 'Produksi', 'harian'),
(16, '16', 'LMG-2017-028', 'SULAIKAH', '3524164703850003', 'P', 'SPV Kedatangan', 'Supervisor', NULL, 'Bahan Baku', 'Produksi', 'bulanan'),
(17, '17', 'LMG-2017-030', 'SUWANTO', '3524120506960004', 'L', 'Checker Cabut', 'Checker', NULL, 'Cabut', 'Produksi', 'bulanan'),
(18, '18', 'LMG-2017-032', 'ULUL KHOIRIAH', '3524195105840001', 'P', 'Operator', 'Operator', 1, 'Cuci Kotor', 'Produksi', 'harian'),
(19, '19', 'LMG-2017-034', 'SUWANI', '3524197007790002', 'P', 'Operator', 'Operator', NULL, 'Cuci Bersih', 'Produksi', 'harian'),
(20, '20', 'LMG-2018-001', 'DIAN NIVITA ROSIDA', '3515135511800003', 'P', 'Admin Produktivitas', 'Operator', NULL, 'Administrasi', 'Produksi', 'bulanan'),
(21, '21', 'LMG-2018-038', 'JEKY ARIYANTO', '3524012712980001', 'L', 'Operator', 'Operator', 22, 'Cabut', 'Produksi', 'borongan cabut'),
(22, '22', 'LMG-2018-039', 'MUHAMMAD REGATANA ', '3524012605990001', 'L', 'TL Cabut', 'Team Leader', 22, 'Cabut', 'Produksi', 'bulanan'),
(23, '23', 'LMG-2018-043', 'SITI ROMLAH', '3524196008900001', 'P', 'Operator', 'Operator', 8, 'Cabut', 'Produksi', 'borongan cabut'),
(24, '24', 'LMG-2018-046', 'PATUR ABERTINO', '3524031007010003', 'L', 'TL Moulding', 'Team Leader', 24, 'Moulding', 'Produksi', 'bulanan'),
(25, '25', 'LMG-2018-047', 'FHILIS SULESTARI', '3524194206920001', 'P', 'TL Cabut', 'Team Leader', 25, 'Cabut', 'Produksi', 'bulanan'),
(26, '26', 'LMG-2025-224', 'A HAMAMUDDIN AZHAR', '3524162312060001', 'L', 'Operator', 'Operator', NULL, 'Moulding', 'Produksi', 'borongan cabut'),
(27, '27', 'LMG-2018-049', 'ANAS JA\'FAR', '3524160410940003', 'L', 'TL Moulding', 'Team Leader', 27, 'Moulding', 'Produksi', 'bulanan'),
(28, '28', 'LMG-2018-053', 'SUPI', '3524164206680001', 'P', 'Operator', 'Operator', NULL, 'Rambang', 'Produksi', 'harian'),
(29, '29', 'LMG-2018-061', 'UMAIYAH', '3524195202840002', 'P', 'Operator', 'Operator', 98, 'Cutter & Flek', 'Produksi', 'harian'),
(30, '30', 'LMG-2019-064', 'DENIKO FERGIAN R', '3524012212000001', 'L', 'Checker Cabut', 'Checker', NULL, 'Cabut', 'Produksi', 'bulanan'),
(31, '31', 'RESIGN', 'Mtsabit', '0', '', 'Operator', 'Operator', NULL, 'Cabut', 'Produksi', 'borongan cabut'),
(32, '32', 'LMG-2019-069', 'INDAH PERMATA SARI', '3524125409010002', 'P', 'Checker Cabut', 'Checker', NULL, 'Cabut', 'Produksi', 'bulanan'),
(33, '33', 'LMG-2019-076', 'MUNIRO', '3524195110910001', 'P', 'Operator', 'Operator', 8, 'Cabut', 'Produksi', 'borongan cabut'),
(34, '34', 'LMG-2019-077', 'WAHYU SURODO', '3524023105960001', 'L', 'TL Cabut', 'Team Leader', 34, 'Cabut', 'Produksi', 'bulanan'),
(35, '35', 'LMG-2019-079', 'UMARIYAH', '3524195906900001', 'P', 'Checker Cabut', 'Checker', NULL, 'Cabut', 'Produksi', 'harian'),
(36, '36', 'LMG-2020-082', 'ISWANTI', '3524164201860002', 'P', 'Operator', 'Operator', NULL, 'Rambang', 'Produksi', 'harian'),
(37, '37', 'RESIGN', 'Dafitkurniawan', '0', '', 'Operator', 'Operator', NULL, 'Cabut', 'Produksi', 'borongan cabut'),
(38, '38', 'LMG-2020-091', 'EDWIN SAPUTRA PENGABEAN', '1201030809970001', 'L', 'Operator', 'Operator', 48, 'Moulding', 'Produksi', 'borongan cetak'),
(39, '39', 'RESIGN', 'RINA DEVI ANDRAINI', '0', '', '', 'Operator', NULL, 'Cabut', 'Produksi', 'borongan cabut'),
(40, '40', 'LMG-2020-105', 'CANKISWAN', '3524020205970002', 'L', 'TL Kedatangan', 'Team Leader', 40, 'Bahan Baku', 'Produksi', 'bulanan'),
(41, '41', 'LMG-2020-111', 'OQKY VERDIANSYAH', '6305052506990001', 'L', 'Operator', 'Operator', 1, 'Cuci Kotor', 'Produksi', 'harian'),
(42, '42', 'RESIGN', 'moh. hasyim chozimi', '0', '', 'Operator', 'Operator', NULL, 'Cabut', 'Support', 'borongan cabut'),
(43, '43', 'LMG-2021-118', 'ALDY KURNIAWAN', '3523020802010004', 'L', 'Operator', 'Operator', 7, 'Moulding', 'Produksi', 'borongan cetak'),
(44, '44', '', 'Aimanudin', '0', '', 'Operator', 'Operator', NULL, 'Cabut', 'Produksi', 'borongan cabut'),
(45, '45', 'LMG-2021-126', 'DIMAS ADI PUTRA STIAWAN', '3523022806000004', 'L', 'Operator', 'Operator', 98, 'Cutter & Flek', 'Produksi', 'harian'),
(46, '46', 'LMG-2025-176', 'DWI BAGUS SANTOSO', '3524160108750001', 'L', 'Operator', 'Operator', 24, 'Moulding', 'Produksi', 'borongan cetak'),
(47, '47', 'LMG-2021-129', 'NU\'MAN WA\'D PRAWIRO N.', '3524022106970002', 'L', 'Operator', 'Operator', 24, 'Moulding', 'Produksi', 'borongan cetak'),
(48, '48', 'LMG-2021-130', 'M.JAMALUDIN AKBAR', '3524161304900001', 'L', 'TL Moulding', 'Team Leader', 48, 'Moulding', 'Produksi', 'bulanan'),
(49, '49', 'LMG-2021-134', 'AGUS KURNIAWAN', '3524162308910002', 'L', 'Checker Cabut', 'Checker', NULL, 'Cabut', 'Produksi', 'harian'),
(50, '50', 'LMG-2021-136', 'SHELY ANGGRAINI', '3524196608970004', 'P', 'Operator', 'Operator', 3, 'Cabut', 'Produksi', 'borongan cabut'),
(51, '51', 'LMG-2021-138', 'ROBBY ENDHY GABRIELEO', '3524160207010002', 'L', 'Operator', 'Operator', 7, 'Moulding', 'Produksi', 'borongan cetak'),
(52, '52', 'resign', 'DENI RETNO PUSPITA SARI', '3516176610970002', 'P', 'Operator', 'Operator', NULL, 'Cabut', 'Produksi', 'borongan cabut'),
(53, '53', 'LMG-2021-147', 'ABDUL ROUF KHOIRI', '3524161704950001', 'L', 'TL Moulding', 'Team Leader', 53, 'Moulding', 'Produksi', 'bulanan'),
(54, '54', 'LMG-2021-148\r\n', 'SHENDY NOPITA SARI', '3524045610970001', 'P', 'Operator', 'Operator', 27, 'Moulding', 'Produksi', 'borongan cabut'),
(55, '55', 'LMG-2023-607', 'AGUNG SAPUTRA', '3524192108020000', 'L', 'Security', 'Security', NULL, 'Security', 'Support', 'bulanan'),
(56, '56', 'LMG-2022-163', 'YESY WIDYAH KRISTANTI', '3524166005060003', 'P', 'Operator', 'Operator', 57, 'Moulding', 'Produksi', 'borongan cabut'),
(57, '57', 'LMG-2022-306', 'MUHAMMAD TAMAMUR RIDWAN', '3524110303030002', 'L', 'TL Moulding', 'Team Leader', 57, 'Moulding', 'Produksi', 'bulanan'),
(58, '58', 'LMG-2022-519', 'ETIKA AINUR ROHMAH', '3524126505990001', 'P', 'Admin', 'Administrasi', NULL, 'Admin Cabut & Bahan Baku', 'Produksi', 'bulanan'),
(59, '59', 'Resign', 'Fajarnazwa', '0', '', 'Operator', 'Operator', NULL, 'Cabut', 'Produksi', 'borongan cabut'),
(60, '60', 'LMG-2022-472', 'LUTFI DWI FIRMANSYAH', '3524160103040002', 'L', 'TL Cabut', 'Team Leader', 60, 'Cabut', 'Produksi', 'bulanan'),
(61, '61', 'LMG-2022-360', 'KOKO HANDOKO', '3524061403030002', 'P', 'Operator', 'Operator', 40, 'Bahan Baku', 'Produksi', 'harian'),
(62, '62', 'LMG-2022-387', 'FEBRIANTI', '3524165402030001', 'P', 'Operator', 'Operator', 63, 'HCR Moulding', 'Produksi', 'borongan cabut'),
(63, '63', 'LMG-2022-307', 'PUPUT INDRAWATI', '3524044212040001', 'P', 'TL Pengiriman', 'Team Leader', 63, 'Dry B & HCR', 'Produksi', 'bulanan'),
(64, '64', 'LMG-2022-168', 'ADITYA VIQI MAULUDDIN', '3524122305020002', 'L', 'Operator', 'Operator', 27, 'Moulding', 'Produksi', 'borongan cetak'),
(65, '65', 'LMG-2022-169', 'ANDIKA ZULFAN', '3524120101000005', 'L', 'Operator', 'Operator', 57, 'Moulding', 'Produksi', 'borongan cabut'),
(66, '66', 'LMG-2022-181', 'AHMAD FUADDIN THOHARI', '3524162305020001', 'L', 'Operator', 'Operator', 7, 'Moulding', 'Produksi', 'borongan cabut'),
(67, '67', 'LMG-2022-274', 'ANANG IZUL MUTTHO', '3524162405890001', 'L', 'Operator', 'Operator', 99, 'Moulding', 'Produksi', 'borongan cetak'),
(68, '68', 'LMG-2022-288', 'IMAM KHUSNUL', '3524020206970001', 'L', 'Operator', 'Operator', 7, 'Moulding', 'Produksi', 'borongan cetak'),
(69, '69', 'LMG-2022-311', 'PRAYOGA DWI CAHYO', '3524051908970001', 'L', 'Operator', 'Operator', NULL, 'Moulding', 'Produksi', 'borongan cetak'),
(70, '70', 'LMG-2022-314', 'ISHAQ ', '03524041807980001', 'L', 'Operator', 'Operator', 7, 'Moulding', 'Produksi', 'borongan cetak'),
(71, '71', 'LMG-2022-358', 'TSALIS AKMALUDIN NI\'AM', '3524160711940001', 'L', 'Operator', 'Operator', 53, 'Moulding', 'Produksi', 'borongan cetak'),
(72, '72', 'LMG-2022-419', 'RIO SARNUDIN', '3524021202030002', 'L', 'Operator', 'Operator', 27, 'Moulding', 'Produksi', 'borongan cetak'),
(73, '73', 'LMG-2022-430\r\n', 'FARIS RAHMAN', '3524192708990001', 'L', 'Operator', 'Operator', 53, 'Moulding', 'Produksi', 'borongan cabut'),
(74, '74', 'LMG-2022-436', 'NUR ALIM ZAINURI', '3524012401040001', 'L', 'Operator', 'Operator', 53, 'Cabut', 'Produksi', 'borongan cetak'),
(75, '75', 'LMG-2022-455', 'NIKO YUDHO BINTORO', '3524021006030001', 'L', 'Operator', 'Operator', NULL, 'Moulding', 'Produksi', 'harian'),
(76, '76', 'LMG-2022-494', 'DANDI MAHA PUTRA', '3524162212010001', 'L', 'Operator', 'Operator', 99, 'Moulding', 'Produksi', 'borongan cetak'),
(77, '77', 'LMG-2022-510', 'ALI MASKAN ,MUSA', '3524191512030001', 'L', 'Operator', 'Operator', 7, 'Moulding', 'Produksi', 'borongan cetak'),
(78, '78', 'LMG-2022-514', 'ERIAN AHMAD ANUGRAH', '3524161409040002', 'L', 'Operator', 'Operator', 99, 'Moulding', 'Produksi', 'borongan cetak'),
(79, '79', 'RESIGN', 'ABDUH ZHIHAD AMROUSHY', '0', '', 'Operator', 'Operator', NULL, 'Cabut', 'Produksi', 'borongan cabut'),
(80, '80', 'LMG-2024-134\r\n', 'Iis Setyorini', '3524166710880002', '', 'Operator', 'Operator', 22, 'Cabut', 'Produksi', 'borongan cabut'),
(81, '81', 'resign', 'Lutfiatus', '0', '', 'Operator', 'Operator', NULL, 'Cabut', 'Produksi', 'borongan cabut'),
(82, '82', 'RESIGN', 'MOH. AINUR ROFIQ S', '0', '', 'Operator', 'Operator', NULL, 'Cabut', 'Produksi', 'borongan cabut'),
(83, '83', 'LMG-2022-250\r\n', 'TETIK IRAWATI', '3524115809940001', 'P', 'Operator', 'Operator', NULL, 'Cabut', 'Produksi', 'borongan cabut'),
(84, '84', 'LMG-2022-319', 'YULIANA DWI ROCHMAH', '3524194707040001', 'P', 'Operator', 'Operator', 3, 'Cabut', 'Produksi', 'borongan cabut'),
(85, '85', 'RESIGN', 'ACH. ZAINUDDIN MAHMUD', '0', '', 'Operator', 'Operator', NULL, 'Cabut', 'Produksi', 'borongan cabut'),
(86, '86', 'LMG-2022-389', 'RINTO BINARKO', '3524161704040001', 'P', 'Operator', 'Operator', 98, 'Cutter & Flek', 'Produksi', 'harian'),
(87, '87', 'LMG-2022-484', 'YAYUK EKOWATI', '3520105003840003', 'P', 'Operator', 'Operator', 8, 'Cabut', 'Produksi', 'borongan cabut'),
(88, '88', 'LMG-2022-487', 'ANIS ANDARWATI', '3524124303890001', 'P', 'Operator', 'Operator', 3, 'Cabut', 'Produksi', 'borongan cabut'),
(89, '89', 'LMG-2025-161', 'Shufi Putri Rusdiyanti\n', '3524196201060001', 'P', 'Operator', 'Operator', 27, 'Moulding', 'Produksi', 'borongan cetak'),
(90, '90', 'LMG-2018-057', 'AFRIAN FIRMANA', '3524012803010001', 'L', 'Operator', 'Operator', 25, 'Cabut', 'Produksi', 'borongan cabut'),
(91, '91', 'LMG-2020-114', 'NURIYATI', '3524194905950001', 'P', 'Operator', 'Operator', 34, 'Cabut', 'Produksi', 'borongan cabut'),
(92, '92', 'RESIGN', 'Fiqhi', '0', '', 'Operator', 'Operator', NULL, 'Cabut', 'Produksi', 'borongan cabut'),
(93, '93', 'RESIGN', 'Setyoduwi', '0', '', 'Operator', 'Operator', NULL, 'Cabut', 'Produksi', 'borongan cabut'),
(94, '94', 'LMG-2024-863', 'YOFI ANDREYAN MAULANA', '3524112805050002', 'L', 'Security', 'Security', NULL, 'Security', 'Support', 'bulanan'),
(95, '95', 'LMG-2024-864', 'ADITYA JOKO SAMUDRO', '3524163110010001', 'L', 'Security', 'Security', NULL, 'Security', 'Support', 'bulanan'),
(96, '96', 'LMG-2024-865\r\n', 'BAYU EKO SULKAKSONO', '3524160411920003', 'L', 'Security', 'Security', NULL, 'Security', 'Support', 'bulanan'),
(97, '97', 'LMG-2024-866', 'MUHAMMAD AFANDI', '3514160704950002', 'L', 'Security', 'Security', NULL, 'Security', 'Support', 'bulanan'),
(98, '98', 'LMG-2024-1005', 'M. GAUNG SIDIQ ALFAINI', '3524161410980002', 'L', 'TL Cutter & Flek', 'Team Leader', 98, 'TL Pre Cleaning', 'Produksi', 'bulanan'),
(99, '99', 'LMG-2024-1006', 'NILA WIDYA SARI', '3517155506000001', '', 'Checker Moulding', 'Checker', NULL, 'Checker Moulding', 'Produksi', 'bulanan'),
(100, '100', 'LMG-2025-238', 'DANY WAHYU HUDISMAWAN', '3517152012010001', 'L', 'SPV Packing', 'Supervisor', NULL, 'Packing', 'Produksi', 'bulanan'),
(101, '101', 'LMG-2024-880', 'FARDHIND LUTHFI A.', '3524160601940002', 'L', 'Security', 'Security', NULL, 'Security', 'Support', 'bulanan'),
(102, '102', 'LMG-2024-881', 'ANDREAN FELANI ', '3524162612980003', 'L', 'Security', 'Security', NULL, 'Security', 'Produksi', 'bulanan'),
(103, '103', 'LMG-2024-902', 'NUR ARROFATUL FITRIYAH', '3524174706030001', 'P', 'Security', 'Security', NULL, 'Security', 'Support', 'bulanan'),
(104, '104', 'LMG-2024-1003', 'SAFRIDAHANI', '1207265212860020', 'P', 'Superintenden', 'Superintenden', NULL, 'SPV', 'Produksi', 'bulanan'),
(105, '105', 'LMG-2024-1004', 'DESSY KAWATY', '1207254307940003', 'P', 'Ass. Superintenden', 'Superintenden', NULL, 'SPV', 'Produksi', 'bulanan'),
(106, '106', 'LMG-2024-974', 'KHUSNUL FATIMAH', '3524196708950001', 'P', 'Admin', 'Administrasi', NULL, 'Administrasi', 'Support', 'bulanan'),
(107, '107', 'RESIGN', 'Umar', '0', '', 'Operator', 'Operator', NULL, 'Cabut', 'Produksi', 'borongan cabut'),
(108, '108', 'LMG-2024-236', 'Ahmadmaulanaiskhaq', '3524270504050001', 'L', 'Operator', 'Operator', 60, 'Cabut', 'Produksi', 'borongan cabut'),
(109, '109', 'LMG-2017-035', 'RULIATUL FIDIAH', '3524165908930001', 'P', 'TL Cabut', 'Team Leader', 109, 'Cabut', 'Produksi', 'bulanan'),
(112, '112', 'LMG-2025-272\r\n', 'RISKA OKTAVIANA\r\n', '3524175810040003', 'P', 'Security', 'Security', NULL, 'Security', 'Support', 'bulanan'),
(113, '113', 'LMG-2021-139\r\n', 'AHMAD NURUL IZZUDDIN', '3524160302030001', 'L', 'Checker Moulding', 'Checker', NULL, 'Moulding', 'Produksi', 'borongan cabut'),
(114, '114', 'LMG-2025-282', 'M. ANAS FABIAN TORO', '352411801070002', '', 'Operator', 'Operator', 40, 'Bahan Baku', 'Produksi', 'harian'),
(116, '116', 'LMG-2022-454', 'YUNI INDARWATI', '3524194906990001', 'P', 'Checker Cabut', 'Operator', NULL, 'Cabut', 'Produksi', 'bulanan'),
(117, '117', 'LMG-2023-751', 'RAIHAN RANGGA ANDHIKA P', '3201052907040004', 'L', 'Admin', 'Administrasi', NULL, 'Admin Drying & Moulding', 'Produksi', 'bulanan'),
(118, '118', 'LMG-2023-569', 'KERINNA', '3524165209020003', 'P', 'TL Packing', 'Team Leader', 118, 'Packing', 'Produksi', 'bulanan'),
(119, '119', 'LMG-2023-016', 'ZUSITA ARDHIA INDRAYANI', '3524165107000002', 'P', 'TL Cabut', 'Team Leader', 119, 'Cabut', 'Produksi', 'bulanan'),
(120, '120', 'LMG-2024-129', 'MAS\'OED', '3515111509730001', 'L', 'Operator', 'General Manager', NULL, '-', 'Operation', 'bulanan'),
(121, '121', 'LMG-2024-321', 'KIDUNG ALFIANI SIDIQ', '3524164508020002', 'P', 'Operator', 'Operator', NULL, '-', 'Produksi', 'bulanan'),
(122, '122', 'LMG-2023-579', 'TONI IKHWANDI', '3524162609910002', 'L', 'Operator', 'Operator', 24, 'Moulding', 'Produksi', 'borongan cetak'),
(123, '123', 'LMG-2023-589', 'ANGGI ALFRIADIN', '3524111606990002', 'L', 'Operator', 'Operator', 24, 'Moulding', 'Produksi', 'borongan cetak'),
(124, '124', 'LMG-2023-649', 'MOH. FIRDAN ADDY M.', '3524160102050003', 'L', 'Operator', 'Operator', 57, 'Moulding', 'Produksi', 'borongan cabut'),
(125, '125', 'LMG-2023-670\r\n', 'DEDIK PRASTYO', '3524162711040001', 'L', 'Operator', 'Operator', 53, 'Moulding', 'Produksi', 'borongan cabut'),
(126, '126', 'LMG-2023-702', 'MUHAMMAD DAFIN WIDYANTO', '3524062505050001', 'L', 'Operator', 'Operator', NULL, 'Moulding', 'Produksi', 'borongan cetak'),
(127, '127', 'LMG-2023-707', 'MUHAMMAD CHAKIMUN ALIM', '3517072006970002', 'L', 'Operator', 'Operator', 7, 'Moulding', 'Produksi', 'borongan cetak'),
(128, '128', 'RESIGN', 'M. HARYA BAGASKARA', '0', '', 'Operator', 'Operator', NULL, 'Cabut', 'Produksi', 'borongan cabut'),
(129, '129', 'LMG-2023-731', 'MAINDRA ANDRI PRANATA', '3524162103030004', 'L', 'Operator', 'Operator', 48, 'Moulding', 'Produksi', 'borongan cetak'),
(130, '130', 'LMG-2023-756', 'M. ZAINUL MU\'ARIF', '3524161704050001', 'L', 'Operator', 'Operator', 48, 'Moulding', 'Produksi', 'borongan cetak'),
(131, '131', 'LMG-2023-758', 'HENDRIK WIJAYA', '3524161402050002', 'L', 'Operator', 'Operator', 99, 'Moulding', 'Produksi', 'borongan cabut'),
(132, '132', 'LMG-2023-772', 'ANISA INDAH PERMATA S', '3524164705030001', 'P', 'Operator', 'Operator', 63, 'Dry B & HCR', 'Produksi', 'borongan cabut'),
(133, '133', 'LMG-2023-773', 'FAHMI MAULANA', '3516151704050001', 'L', 'Operator', 'Operator', 27, 'Moulding', 'Produksi', 'borongan cetak'),
(134, '134', 'LMG-2023-775', 'M. JAMALUDDIN SAPUTRA', '3524160405030003', 'L', 'Operator', 'Operator', 24, 'Moulding', 'Produksi', 'borongan cetak'),
(135, '135', 'LMG-2023-793', 'FARID JUNAIDI PRASTYO', '3524160303000004', '', 'Operator', 'Operator', 53, 'Moulding', 'Produksi', 'borongan cetak'),
(136, '136', 'RESIGN', 'AHMAD ADITYA MAHESA S', '0', '', 'Operator', 'Operator', NULL, 'Cabut', 'Produksi', 'borongan cabut'),
(137, '137', 'LMG-2024-192', 'M. NURUL YAQHIN', '3522042910040001', 'L', 'Operator', 'Operator', 24, 'Moulding', 'Produksi', 'borongan cetak'),
(138, '138', 'LMG-2025-143', 'RATNAH SUMINAR', '3578164210930000', 'P', 'Finance Accounting', 'Finance Accounting', NULL, 'Finance Accounting', 'Support', 'bulanan'),
(139, '139', 'RESIGN', 'Nabilah', '0', '', 'Operator', 'Operator', NULL, 'Cabut', 'Produksi', 'borongan cabut'),
(140, '140', 'Resign', 'DANANG USDIANTO', '0', '', 'Operator', 'Operator', NULL, 'Cabut', 'Produksi', 'borongan cabut'),
(141, '141', 'LMG-2024-243', 'AHMAD NUR SHOLIHUDIN D', '3524162310990001', 'L', 'Operator', 'Operator', 53, 'Moulding', 'Produksi', 'borongan cabut'),
(142, '142', 'LMG-2024-244', 'MOKHAMAD ILHAM MATINU J', '3524161911980002', 'L', 'Operator', 'Operator', 27, 'Moulding', 'Produksi', 'borongan cetak'),
(143, '143', 'LMG-2024-245', '\r\nANDRI SETIAWAN', '3524162507960001', 'L', 'Operator', 'Operator', 57, 'Moulding', 'Produksi', 'borongan cabut'),
(144, '144', 'LMG-2025-151', 'NAJWA PUTRI SALSABILLAH\r\n', '3524195206050001', 'P', 'Admin', 'Administrasi', NULL, 'Cabut', 'Produksi', 'bulanan'),
(145, '145', 'LMG-2024-247', 'M. FAIS FEBRIAN', '3524161802990001', 'L', 'Operator', 'Operator', 48, 'Moulding', 'Produksi', 'borongan cetak'),
(146, '146', 'RESIGN', 'Zuliani', '0', '', 'Operator', 'Operator', NULL, 'Cabut', 'Produksi', 'borongan cabut'),
(147, '147', 'LMG-2025-149', 'Iis Purwanti', '3524225505970002', 'L', 'Operator', 'Operator', 2, 'Cabut', 'Produksi', 'borongan cabut'),
(148, '148', 'RESIGN', 'GIAN SATRIA TINO K', '0', '', 'Operator', 'Operator', NULL, 'Cabut', 'Produksi', 'borongan cabut'),
(149, '149', 'LMG-2025-150', 'Agustinaaulianti', '3524166209060002', 'P', 'Operator', 'Operator', 60, 'Cabut', 'Produksi', 'borongan cabut'),
(150, '150', 'LMG-2024-041', 'FATKHOR ROHMAN', '3524222806990002', 'L', 'Operator', 'Operator', 34, 'Cabut', 'Produksi', 'borongan cabut'),
(151, '151', 'LMG-2025-281', 'AGUNG SUHERMAN', '3524112603070002', 'P', 'Operator', 'Operator', 40, 'Bahan Baku', 'Produksi', 'harian'),
(153, '153', 'LMG-2024-103', 'NIKMATUS SHOLIKHAH', '3524124611060002', 'P', 'Operator', 'Operator', 98, 'Cutter & Flek', 'Produksi', 'harian'),
(154, '154', 'LMG-2024-1022', 'ANDRE FEBIAN', '5204182402060002', 'L', 'Operator', 'Operator', 98, 'Cutter & Flek', 'Produksi', 'harian'),
(155, '155', 'LMG-2023-658', 'LELY DWI SYARASWATI', '3524166906980001', '', 'Operator', 'Operator', 98, 'Cutter & Flek', 'Produksi', 'harian'),
(156, '156', 'RESIGN', 'Zackyfebiankusuma', '0', '', 'Operator', 'Operator', NULL, 'Cabut', 'Produksi', 'borongan cabut'),
(157, '157', 'LMG-2024-874', 'AHMAD SURURI', '3524192601010001', 'L', 'Operator', 'Operator', NULL, 'Sanitasi', 'Support', 'harian'),
(158, '158', 'LMG-2024-1050', 'SUWARI', '3524125506840001', 'P', 'Sanitasi', 'Sanitasi', NULL, 'Sanitasi', 'Support', 'harian'),
(159, '159', 'LMG-2024-1039', 'SUHAR', '3524161702690001', 'L', 'Driver', 'Driver', NULL, 'Sanitasi', 'Produksi', 'harian'),
(160, '160', 'LMG-2024-232\r\n', 'SUKAMTO', '3524121401900001', 'L', 'Operator', 'Operator', NULL, 'Sanitasi', 'Support', 'harian'),
(162, '162', 'LMG-2024-277', 'UJENG NOVIANA', '3524166610880001', 'P', 'Sanitasi', 'Sanitasi', NULL, 'Sanitasi', 'Support', 'harian'),
(163, '163', 'LMG-2024-309\r\n', 'SITI JAMIL RATNAWATI', '3524126501900002', 'P', 'Sanitasi', 'Operator', NULL, 'Sanitasi', 'Produksi', 'borongan cabut'),
(164, '164', 'LMG-2023-530', 'SUTIKA', '3524164507930001', 'P', 'Operator', 'Operator', 63, 'Dry B & HCR', 'Produksi', 'harian'),
(165, '165', '', 'RAHMA LATIFATUL F.', '0', '', 'Operator', 'Operator', NULL, 'Cabut', 'Produksi', 'borongan cabut'),
(166, '166', '', 'IRMATUS SHOLIHAH', '0', '', 'Operator', 'Operator', NULL, 'Cabut', 'Produksi', 'borongan cabut'),
(167, '167', 'LMG-2023-556', 'TOTOK PRASETYO', '3522241502990001', 'L', 'Operator', 'Operator', 1, 'Cuci Kotor', 'Produksi', 'harian'),
(168, '168', 'LMG-2023-777\r\n', 'JUMASRI', '3524164707900001', 'P', 'Operator', 'Operator', 1, 'Cuci Kotor', 'Produksi', 'borongan cabut'),
(169, '169', 'LMG-2025-289\r\n', 'YUNANDA NUR P', '3524064611060002', 'P', 'Operator', 'Operator', 109, 'Titil HCR', 'Produksi', 'borongan cabut'),
(170, '170', 'Resign', 'SITI NUR FADILAH', '0', '', 'Operator', 'Operator', NULL, 'Cabut', 'Produksi', 'borongan cabut'),
(171, '171', 'LMG-2023-537', 'MUKAMAD KURNIAWAN', '3524041310940001', 'P', 'Operator', 'Operator', NULL, 'Cuci Bersih', 'Produksi', 'harian'),
(172, '172', 'LMG-2023-547', 'ATMA DWI YULIKUSTANTI', '3524065507950001', 'P', 'Operator', 'Operator', NULL, 'Cutter & Flek', 'Produksi', 'harian'),
(173, '173', 'LMG-2018-054', 'KHALAWATUL IMAH', '3524235912960002', 'P', 'Checker Cabut', 'Checker', NULL, 'Cabut', 'Produksi', 'harian'),
(174, '174', 'LMG-2024-947', 'RAHMATUS SIAMI ZULFIA', '3524165610060001', 'P', 'Operator', 'Operator', 63, 'Dry B & HCR', 'Produksi', 'harian'),
(175, '175', 'LMG-2024-1009', 'NURUL ALFIYAH', '3524196907060001', 'P', 'Operator', 'Operator', 63, 'Final Grading', 'Produksi', 'harian'),
(176, '176', 'Resign', 'ANDRE FEBRIAN', '', 'P', 'Operator', 'Operator', NULL, 'Cutter & Flek', 'Produksi', 'harian'),
(177, '177', 'RESIGN', 'Muhammadsyaifudin', '0', '', 'Operator', 'Operator', NULL, 'Cabut', 'Produksi', 'borongan cabut'),
(178, '178', 'LMG-2025-288', 'M RIDWAN NUR HIDAYATULLOH\r\n', '3524202905060001', 'L', 'Operator', 'Operator', 109, 'Titil HCR', 'Produksi', 'borongan cabut'),
(179, '179', 'LMG-2024-153', 'LUSI FEBRIYANTI NUR S', '3524165702060001', 'P', 'Operator', 'Operator', 63, 'Timbang Indomie', 'Produksi', 'harian'),
(180, '180', 'LMG-2024-200', 'ALIFIYATUS SHOLIHAH', '3524164410040002', 'P', 'Operator', 'Operator', 63, 'Dry A', 'Produksi', 'harian'),
(181, '181', 'RESIGN', 'RIVALDO DIAN SAPUTRA', '0', '', 'Operator', 'Operator', NULL, 'Cabut', 'Produksi', 'borongan cabut'),
(182, '182', 'LMG-2024-214', 'WULAN OKTAVIA', '3524025010020001', 'P', 'Operator', 'Operator', 63, 'Dry B & HCR', 'Produksi', 'harian'),
(183, '183', 'LMG-2025-297\n', 'M. Abdul Wakid', '3524120701900003', 'L', 'Sanitasi', 'Sanitasi', NULL, 'Sanitasi', 'Support', 'borongan cabut'),
(184, '184', 'LMG-2025-247`', 'JULIANA NUR AFRIZA\r\n', '3524124707070003', 'P', 'Operator', 'Operator', 2, 'Cabut', 'Produksi', 'borongan cabut'),
(185, '185', 'LMG-2024-219\r\n', 'M. ALFIAN RUDI ISWANTO', '3524232001060002', 'L', 'Maintenance', 'Maintenance', NULL, 'Maintenance', 'Support', 'borongan cabut'),
(186, '186', 'Resign', 'NIKMATUL MAULIDAH', '0', '', 'Operator', 'Operator', NULL, 'Cabut', 'Produksi', 'borongan cabut'),
(187, '187', 'LMG-2024-229', 'SYAF\'ATUN MUAWANAH', '3524165901040001', 'P', 'Operator', 'Operator', 63, 'Dry B & HCR', 'Produksi', 'harian'),
(188, '188', 'LMG-2024-230\r\n', 'TRI ULAN IRNAWATI', '3524125110910001', 'P', 'Operator', 'Operator', NULL, 'Packing', 'Produksi', 'borongan cabut'),
(191, '190', 'LMG-2025-158', 'NOVA GITA LINDA SAFITRI\r\n', '3524166701980001', 'P', 'Operator', 'Operator', 118, 'Packing', 'Produksi', 'harian'),
(192, '191', 'LMG-2025-156', 'FAIZAH ERKA MAYLANI', '3524165995030001', 'P', 'Operator', 'Operator', 118, 'Packing', 'Produksi', 'harian'),
(193, '192', 'RESIGN', 'AHMAD RODHI ISNAWI', '0', '', 'Operator', 'Operator', NULL, 'Cabut', 'Produksi', 'borongan cabut'),
(194, '193', 'LMG-2025-157', 'NABILA EKA MARSYA A', '3524166704060001', 'P', 'Operator', 'Operator', 118, 'Packing', 'Produksi', 'harian'),
(195, '194', 'RESIGN', 'FARIKHATUL ILMIAH', '0', '', 'Operator', 'Operator', NULL, 'Cabut', 'Produksi', 'borongan cabut'),
(196, '195', 'LMG-2024-308', 'DEWI SAGITA', '3524194505050002', 'P', 'Operator', 'Operator', 118, 'Packing', 'Produksi', 'harian'),
(197, '196', 'Resign', 'RAHMA LATIFATUL FAUZIA', '0', '', 'Operator', 'Operator', NULL, 'Cabut', 'Produksi', 'borongan cabut'),
(198, '197', 'Resign', 'IRMATUS SHOLIHA', '0', '', 'Operator', 'Operator', NULL, 'Cabut', 'Produksi', 'borongan cabut'),
(199, '198', 'RESIGN', 'AHMAD ADI SUYANTO', '0', '', 'Operator', 'Operator', NULL, 'Cabut', 'Produksi', 'borongan cabut'),
(200, '199', 'LMG-2024-327', 'LILIS NUR QOMARIYAH', '3524165901050001', '', 'Operator', 'Operator', 118, 'Packing', 'Produksi', 'harian'),
(201, '201', 'LMG-2024-329', 'FABIAN ETMON', '3524120410940002', 'L', 'Driver', 'Driver', NULL, 'Driver', 'Support', 'bulanan'),
(202, '202', 'Resign', 'DIMAS FEBRIAN VALENTINO', '0', '', 'Operator', 'Operator', NULL, 'Cabut', 'Produksi', 'borongan cabut'),
(203, '203', 'LMG-2023-550', 'MOCHAMMAD TAMAM A.', '3524221506040001', 'L', 'Operator', 'Operator', 119, 'Cabut', 'Produksi', 'borongan cabut'),
(204, '204', 'LMG-2023-580', 'MUHAMAD NAFIS ABDILLAH', '3522132311970004', 'L', 'Operator', 'Operator', 34, 'Cabut', 'Produksi', 'borongan cabut'),
(205, '205', 'RESIGN', 'SILVI INDA CAHYATI', '0', '', 'Operator', 'Operator', NULL, 'Cabut', 'Produksi', 'borongan cabut'),
(206, '206', 'LMG-2023-622\r\n', 'SRI MULYATI NINGSIH ', '3524166005860002', 'P', 'Operator', 'Operator', 3, 'Cabut', 'Produksi', 'borongan cabut'),
(207, '207', 'LMG-2023-623', 'ASMAIYA', '3524165208890003', 'P', 'Checker Cabut', 'Checker', NULL, 'Cabut', 'Produksi', 'harian'),
(208, '208', 'LMG-2023-635', 'SULISTIYOWATI', '3524134309940002', 'P', 'Operator', 'Operator', 8, 'Cabut', 'Produksi', 'borongan cabut'),
(209, '209', 'LMG-2023-652', 'ANIK SUSILOWATI', '3524165909940001', 'P', 'Operator', 'Operator', 8, 'Cabut', 'Produksi', 'borongan cabut'),
(210, '210', 'RESIGN', 'ZENI FIDA YANTI', '0', '', 'Operator', 'Operator', NULL, 'Cabut', 'Produksi', 'borongan cabut'),
(211, '211', 'LMG-2023-729', 'DWI FITRIA NOVIYANTI', '3524164811000003', 'P', 'Operator', 'Operator', 34, 'Cabut', 'Produksi', 'borongan cabut'),
(212, '212', 'RESIGN', 'Mirfanefendi', '0', '', 'Operator', 'Operator', NULL, 'Cabut', 'Produksi', 'borongan cabut'),
(213, '213', 'LMG-2023-807', 'AINUL YAKIN', '3524051309940002', 'L', 'Operator', 'Operator', 34, 'Cabut', 'Produksi', 'borongan cabut'),
(214, '214', 'LMG-2024-819\r\n', 'YUDHISTIRA PUJI UTOMO', '3524161801040002', 'L', 'Operator', 'Operator', 22, 'Cabut', 'Produksi', 'borongan cabut'),
(215, '215', 'LMG-2024-825', 'CANDRA WAHYU ERIESANDO', '3524111201050001', 'L', 'Operator', 'Operator', 34, 'Cabut', 'Produksi', 'borongan cabut'),
(216, '216', 'LMG-2024-862', 'SUNARSIH', '3524165504900001', 'P', 'Operator', 'Operator', 3, 'Cabut', 'Produksi', 'borongan cabut'),
(217, '217', 'LMG-2024-885', 'SETIA SUDARMO', '3524192704060002', 'L', 'Operator', 'Operator', NULL, 'Cabut', 'Produksi', 'borongan cabut'),
(218, '218', 'LMG-2024-901', 'ROSLIANA SALSA R', '3524235010060001', 'P', 'Operator', 'Operator', 2, 'Cabut', 'Produksi', 'borongan cabut'),
(219, '219', 'RESIGN', 'FIKRI ARDHI KUSUMA', '0', '', 'Operator', 'Operator', NULL, 'Cabut', 'Produksi', 'borongan cabut'),
(220, '220', 'LMG-2024-914\r\n', 'MIFTAKHUR RAMADHAN', '3524271501980003', '', 'Operator', 'Operator', 8, 'Cabut', 'Produksi', 'borongan cabut'),
(221, '221', 'LMG-2024-915', 'NITA NURUL AINI', '3524166911040001', 'P', 'Operator', 'Operator', 8, 'Cabut', 'Produksi', 'borongan cabut'),
(222, '222', 'LMG-2025-250', 'Nikoariasaputra', '3524021410030002', 'L', 'Operator', 'Operator', 2, 'Cabut', 'Produksi', 'borongan cabut'),
(223, '223', 'LMG-2025-154', 'M HISAM ALFARIZI\r\n', '3524161902020001', 'L', 'Operator', 'Operator', 118, 'Packing', 'Produksi', 'borongan cabut'),
(224, '224', 'RESIGN', 'MUHAMMAD FAUZAN BUDI S', '0', '', 'Operator', 'Operator', NULL, 'Cabut', 'Produksi', 'borongan cabut'),
(225, '225', 'LMG-2024-941', 'JOKO JATMIKO', '3517160907040001', 'L', 'Operator', 'Operator', 25, 'Cabut', 'Produksi', 'borongan cabut'),
(226, '226', 'LMG-2024-948', 'DIYON PRATAMA', '3524011505990001', 'L', 'Operator', 'Operator', 25, 'Cabut', 'Produksi', 'borongan cabut'),
(227, '227', 'LMG-2024-952', 'IAN ADHQON MAULANA', '3523172805050002', 'L', 'Operator', 'Operator', 119, 'Cabut', 'Produksi', 'borongan cabut'),
(228, '228', 'RESIGN', 'AGUS ADIT PRATAMA', '0', '', 'Operator', 'Operator', NULL, 'Cabut', 'Produksi', 'borongan cabut'),
(229, '229', 'LMG-2024-959\r\n', 'AKUWAN', '3524080902970001', 'L', 'Operator', 'Operator', 119, 'Cabut', 'Produksi', 'borongan cabut'),
(230, '230', 'Resign', 'LAILATUS SYAFA\'AS', '0', '', 'Operator', 'Operator', NULL, 'Cabut', 'Produksi', 'borongan cabut'),
(231, '231', 'LMG-2025-245\r\n', 'AHMAD ABDUL MUNIF\r\n', '03523201310070001', 'L', 'Operator', 'Operator', 2, 'Cabut', 'Produksi', 'borongan cabut'),
(232, '232', 'RESIGN', 'Abdullahrizqyfardany', '0', '', 'Operator', 'Operator', NULL, 'Cabut', 'Produksi', 'borongan cabut'),
(233, '233', 'LMG-2024-1016\r\n', 'SALSA DINA SAFITRI', '3524165801060001\n', 'P', 'Operator', 'Operator', 34, 'Cabut', 'Produksi', 'borongan cabut'),
(234, '234', 'Resign', 'ABDUL WAHAB ASSYA\'RONY', '0', '', 'Operator', 'Operator', NULL, 'Cabut', 'Produksi', 'borongan cabut'),
(235, '235', 'LMG-2025-155', 'AHMAD FAHIM MAULANA', '3524032011060001', 'L', 'Operator', 'Operator', 118, 'Packing', 'Produksi', 'harian'),
(236, '236', 'LMG-2024-1036', 'ANDIKA PUTRA', '3524042404050002', 'L', 'Operator', 'Operator', 34, 'Cabut', 'Produksi', 'borongan cabut'),
(237, '237', 'LMG-2024-1046', 'MUH RAMDHANI', '3524132602940002', 'L', 'Operator', 'Operator', 3, 'Cabut', 'Produksi', 'borongan cabut'),
(238, '238', 'RESIGN', 'NOFAN ARISKI', '0', '', 'Operator', 'Operator', NULL, 'Cabut', 'Produksi', 'borongan cabut'),
(239, '239', 'LMG-2025-275', 'REYFALINA CINDY SALSABILLA\r\n', '3524166501850002', 'P', 'Security', 'Security', NULL, 'Security', 'Support', 'bulanan'),
(240, '240', 'LMG-2024-1063', 'AGUNG SAIFUDIN', '3524131706030004', 'L', 'Operator', 'Operator', 109, 'Cabut', 'Produksi', 'borongan cabut'),
(241, '241', 'LMG-2024-1065', 'EMANUAL ARVIT AFRIZA', '3524040301060001', 'L', 'Operator', 'Operator', 3, 'Cabut', 'Produksi', 'borongan cabut'),
(242, '242', 'LMG-2024-1072', 'MASFUFAH ARIANI PUTRI Y', '3516156401060001', 'P', 'Operator', 'Operator', 8, 'Cabut', 'Produksi', 'borongan cabut'),
(243, '243', 'RESIGN', 'Akbarhadi', '0', '', 'Operator', 'Operator', NULL, 'Cabut', 'Produksi', 'borongan cabut'),
(244, '244', 'LMG-2024-1079', 'NUR HIDAYATUS SOFIYAH', '3524196612060001', 'P', 'Operator', 'Operator', 109, 'Cabut', 'Produksi', 'borongan cabut'),
(245, '245', 'LMG-2024-1080', 'KHOLIFATUL NINDI PUTRI', '352422412010004', 'P', 'Operator', 'Operator', 109, 'Cabut', 'Produksi', 'borongan cabut'),
(246, '247', 'LMG-2024-1087', 'MOHAMMAD JOFAN ENFARAMA', '352422412010004', 'L', 'Operator', 'Operator', 119, 'Cabut', 'Produksi', 'borongan cabut'),
(247, '248', 'RESIGN', 'DIAN PANDU SUSILO', '0', '', 'Operator', 'Operator', NULL, 'Cabut', 'Produksi', 'borongan cabut'),
(248, '249', 'LMG-2024-1093', 'AHMAD FA\'IZ KURNAIDI', '3524045905050002', 'L', 'Operator', 'Operator', 34, 'Cabut', 'Produksi', 'borongan cabut'),
(249, '250', 'RESIGN', 'ISMI NOR AZIZAH', '0', '', 'Operator', 'Operator', NULL, 'Cabut', 'Produksi', 'borongan cabut'),
(250, '251', 'LMG-2024-1098\r\n', 'SATRIA RAHMAD NOVIAN', '0', 'L', 'Operator', 'Operator', 109, 'Cabut', 'Produksi', 'borongan cabut'),
(251, '252', 'LMG-2024-1099\r\n', 'HANIM ZURIDIS ISTIQOMAH', '0', 'P', 'Operator', 'Operator', 109, 'Cabut', 'Produksi', 'borongan cabut'),
(252, '253', 'LMG-2025-276', 'AINIYAH PUTRI SETYONINGTYAS', '3524115705070001', 'P', 'Operator', 'Operator', 48, 'Moulding', 'Produksi', 'borongan cetak'),
(253, '254', 'LMG-2024-102', 'HENIS CHOFIFAH', '3524165510060002', 'P', 'Operator', 'Operator', 3, 'Cabut', 'Produksi', 'borongan cabut'),
(254, '255', 'RESIGN', 'LUTFIYATUS SHOLICHAH', '0', '', 'Operator', 'Operator', NULL, 'Cabut', 'Produksi', 'borongan cabut'),
(255, '256', 'RESIGN', 'Vernindaghea', '0', '', 'Operator', 'Operator', NULL, 'Cabut', 'Produksi', 'borongan cabut'),
(256, '257', 'LMG-2024-107\r\n', 'IKRIMATUL WAHYUNI', '3524194604060003', 'P', 'Operator', 'Operator', 25, 'Cabut', 'Produksi', 'borongan cabut'),
(257, '259', 'RESIGN', 'IQBAL AGUS NUGROHO', '0', '', 'Operator', 'Operator', NULL, 'Cabut', 'Produksi', 'borongan cabut'),
(258, '260', 'LMG-2024-113', 'NEZA MEI AZZAHRA', '3524116105060002', 'P', 'Operator', 'Operator', 8, 'Cabut', 'Produksi', 'borongan cabut'),
(259, '261', 'LMG-2025-252', 'M NOVANDA PRI RAMADAN\r\n', '3524162210060003', 'L', 'Operator', 'Operator', NULL, 'Moulding', 'Produksi', 'borongan cabut'),
(260, '262', 'RESIGN', 'NELLA DHEA MALINDA', '0', '', 'Operator', 'Operator', NULL, 'Cabut', 'Produksi', 'borongan cabut'),
(261, '263', 'LMG-2024-124', 'USWATUN KHASANA', '3524194908880001', 'P', 'Operator', 'Operator', 8, 'Cabut', 'Produksi', 'borongan cabut'),
(262, '264', 'LMG-2024-131', 'ZULIYATIN', '3524165111930001', 'P', 'Operator', 'Operator', 25, 'Cabut', 'Produksi', 'borongan cabut'),
(263, '265', 'Resign', 'MASRIFATUL QOIDAH', '0', '', 'Operator', 'Operator', NULL, 'Cabut', 'Produksi', 'borongan cabut'),
(264, '266', 'RESIGN', 'IIS SETYORINI', '0', '', 'Operator', 'Operator', NULL, 'Cabut', 'Produksi', 'borongan cabut'),
(265, '267', 'LMG-2024-135', 'NINIK NURYATI', '3524166608910003', 'P', 'Operator', 'Operator', 3, 'Cabut', 'Produksi', 'borongan cabut'),
(266, '268', 'LMG-2024-136', 'DIVA NELI AGUSTIN', '3524061608060001', 'P', 'Operator', 'Operator', 34, 'Cabut', 'Produksi', 'borongan cabut'),
(267, '269', 'LMG-2024-137', 'ELI ERNAWATI', '3524165202870001', 'P', 'Operator', 'Operator', 119, 'Cabut', 'Produksi', 'borongan cabut'),
(268, '270', 'LMG-2024-140', 'M. TANWIRUL SAMUDRA', '3524161510000001', 'L', 'Operator', 'Operator', 57, 'Moulding', 'Produksi', 'borongan cabut'),
(269, '271', 'LMG-2024-141', 'SRI HANDAYANI F', '3524116805980001', 'P', 'Operator', 'Operator', 25, 'Cabut', 'Produksi', 'borongan cabut'),
(270, '272', 'LMG-2025-213', 'Vionanda', '3505135111070003', 'L', 'Operator', 'Operator', 40, 'Bahan Baku', 'Produksi', 'harian'),
(271, '273', 'LMG-2024-151', 'ENDANG SETIYOWATI', '3524190510760005', 'P', 'Operator', 'Operator', 63, 'Dry B & HCR', 'Produksi', 'harian'),
(272, '274', 'LMG-2024-152', 'MILA AULIA KRISTANDARI', '3624126812040002', 'P', 'Operator', 'Operator', 119, 'Cabut', 'Produksi', 'borongan cabut'),
(273, '275', 'Resign', 'AHMAD ABDULLAH I.', '0', '', 'Operator', 'Operator', NULL, 'Cabut', 'Produksi', 'borongan cabut'),
(274, '276', 'LMG-2024-156', 'AHMAD SUHARTONO', '3524270502050001', 'L', 'Operator', 'Operator', 25, 'Cabut', 'Produksi', 'borongan cabut'),
(275, '277', 'LMG-2024-158', 'WIDYA TANTI', '3524166608980001', 'P', 'Operator', 'Operator', 8, 'Cabut', 'Produksi', 'borongan cabut'),
(276, '278', 'RESIGN', 'Mgaluh', '0', '', '', 'Operator', NULL, 'Cabut', 'Produksi', 'borongan cabut'),
(277, '279', 'RESIGN', 'DINI ANIFA', '0', '', '', 'Operator', NULL, 'Cabut', 'Produksi', 'borongan cabut'),
(278, '280', 'LMG-2024-165', 'SRI HANDAYANI', '3524124209900001', 'P', 'Operator', 'Operator', NULL, 'Cabut', 'Produksi', 'borongan cabut'),
(279, '281', 'LMG-2024-168', 'IRMA NURAINI', '3524197112000001', 'P', 'Operator', 'Operator', 8, 'Cabut', 'Produksi', 'borongan cabut'),
(280, '282', 'LMG-2024-170', 'ALVI MAQNAULIA A.', '3524194306020001', 'P', 'Operator', 'Operator', 119, 'Cabut', 'Produksi', 'borongan cabut'),
(281, '283', 'RESIGN', 'AYU KUSMAWATI', '0', '', 'Operator', 'Operator', NULL, 'Cabut', 'Produksi', 'borongan cabut'),
(282, '284', 'LMG-2024-173', 'ADI FIRNANDA', '3524042503040001', 'L', 'Operator', 'Operator', 34, 'Cabut', 'Produksi', 'borongan cabut'),
(283, '285', 'LMG-2024-175', 'DIYAH NUR FITRI A.', '3524166203910001', 'P', 'Operator', 'Operator', 119, 'Cabut', 'Produksi', 'borongan cabut'),
(284, '286', 'RESIGN', 'ANJARSARI ', '0', '', '', 'Operator', NULL, 'Cabut', 'Produksi', 'borongan cabut'),
(285, '287', 'LMG-2024-184', 'EKO REONALD DOLINGGA P.', '3517152709990002', '', 'Operator', 'Operator', 3, 'Cabut', 'Produksi', 'borongan cabut'),
(286, '288', 'RESIGN', 'DEVIANA NABILLA P.', '0', '', 'Operator', 'Operator', NULL, 'Cabut', 'Produksi', 'borongan cabut'),
(287, '289', 'RESIGN', 'MUHAMMAD RENO A.', '0', '', 'Operator', 'Operator', NULL, 'Cabut', 'Produksi', 'borongan cabut'),
(288, '290', 'LMG-2024-190', 'ANDRIAN AJI PRATAMA', '3524190603050002', 'L', 'Admin', 'Administrasi', NULL, 'Administrasi', 'Produksi', 'bulanan'),
(289, '291', 'RESIGN', 'Andhikafirmansyah', '0', '', 'Operator', 'Operator', NULL, 'Cabut', 'Produksi', 'borongan cabut'),
(290, '292', 'LMG-2024-198', 'NIA NOFITA', '3524025311060001', 'P', 'Operator', 'Operator', 60, 'Cabut', 'Produksi', 'borongan cabut'),
(291, '293', 'LMG-2024-199\r\n', 'DEFA FEBRIANTI', '3524125504060003', 'P', 'Operator', 'Operator', NULL, 'Cabut', 'Produksi', 'borongan cabut'),
(292, '294', 'RESIGN', 'MOKAMAD RISKI ABIDAH', '0', '', 'Operator', 'Operator', NULL, 'Cabut', 'Produksi', 'borongan cabut'),
(293, '295', 'LMG-2024-224', 'AGUNG HERMANSAH', '3522102503060001', 'L', 'Operator', 'Operator', 8, 'Cabut', 'Produksi', 'borongan cabut'),
(294, '296', 'Resign', 'NAFISA SALSABILA R.', '0', '', 'Operator', 'Operator', NULL, 'Cabut', 'Produksi', 'borongan cabut'),
(295, '297', 'LMG-2024-235', 'JOKO MAULANA P.', '3524271109010001', 'L', 'Operator', 'Operator', 60, 'Cabut', 'Produksi', 'borongan cabut'),
(296, '298', 'Resign', 'MU\'ALIFAH', '0', '', 'Operator', 'Operator', NULL, 'Cabut', 'Produksi', 'borongan cabut'),
(297, '299', 'LMG-2024-238\r\n', 'DESVITA RAHAYU R.', '3524186809060001', 'P', 'Operator', 'Operator', 60, 'Cabut', 'Produksi', 'borongan cabut'),
(298, '300', 'Resign', 'WIRA CHANDRA WIJAYA', '0', '', 'Operator', 'Operator', NULL, 'Cabut', 'Produksi', 'borongan cabut'),
(299, '301', 'Resign', 'FEBRI ARTO TRI K.', '0', '', 'Operator', 'Operator', NULL, 'Cabut', 'Produksi', 'borongan cabut'),
(300, '302', 'LMG-2025-178', 'MOCHAMAD ARIF AFANDI\r\n', '3524163108060001', 'L', 'Operator', 'Operator', 98, 'Cutter & Flek', 'Produksi', 'borongan cabut'),
(301, '303', 'Resign', 'MUHAMMAD RONNY B.', '0', '', 'Operator', 'Operator', NULL, 'Cabut', 'Produksi', 'borongan cabut'),
(302, '305', 'Resign', 'Marifardiansyah', '0', '', 'Operator', 'Operator', NULL, 'Cabut', 'Produksi', 'borongan cabut'),
(303, '306', 'RESIGN', 'Mandreyanto', '0', '', 'Operator', 'Operator', NULL, 'Cabut', 'Produksi', 'borongan cabut'),
(304, '307', 'LMG-2024-278', 'AHMAD MISBAHUDDIN', '3524161907040002', 'L', 'Operator', 'Operator', 119, 'Cabut', 'Produksi', 'borongan cabut'),
(305, '308', 'RESIGN', 'Dwikiarindito', '0', '', 'Operator', 'Operator', NULL, 'Cabut', 'Produksi', 'borongan cabut'),
(306, '309', 'LMG-2024-280\r\n', 'HERFANDA FEBRIANSYAH', '3524162602030003', 'L', 'Operator', 'Operator', NULL, 'Cabut', 'Produksi', 'borongan cabut'),
(307, '311', 'Resign', 'M. RIFQI AL IKHLAS', '0', '', 'Operator', 'Operator', NULL, 'Cabut', 'Produksi', 'borongan cabut'),
(308, '312', 'Resign', 'MUHAMMAD NURIS FAHMI', '0', '', 'Operator', 'Operator', NULL, 'Cabut', 'Produksi', 'borongan cabut'),
(309, '313', 'LMG-2024-287', 'GANDA DONI DANAWA', '3523172307060002', 'L', 'Operator', 'Operator', 60, 'Cabut', 'Produksi', 'borongan cabut'),
(310, '314', 'Resign', 'ADITYA PRADANA', '0', '', 'Operator', 'Operator', NULL, 'Cabut', 'Produksi', 'borongan cabut'),
(311, '315', 'LMG-2025-257', 'INDRA AGUNG R.', '3524110912030001', 'L', 'Operator', 'Operator', 2, 'Cabut', 'Produksi', 'borongan cabut'),
(312, '316', 'LMG-2025-266', 'ABDUL GHOFAR\n', '3524270270070001\n', 'L', 'Operator', 'Operator', 99, 'Moulding', 'Produksi', 'borongan cetak'),
(313, '317', 'Resign', 'BAGUS SUKARNO', '0', '', 'Operator', 'Operator', NULL, 'Cabut', 'Produksi', 'borongan cabut'),
(314, '318', 'RESIGN', 'IKHWANA UBAIDILLAH', '0', '', 'Operator', 'Operator', NULL, 'Cabut', 'Produksi', 'borongan cabut'),
(315, '319', 'Resign', 'YUNI MIRNAWATI', '0', '', 'Operator', 'Operator', NULL, 'Cabut', 'Produksi', 'borongan cabut'),
(316, '320', 'LMG-2024-311', 'LITA WAHYUNI', '3524014903040002', 'P', 'Operator', 'Operator', 119, 'Cabut', 'Produksi', 'borongan cabut'),
(317, '321', 'Resign', 'HANDOYO DIMAS WAHYUDI', '0', '', 'Operator', 'Operator', NULL, 'Cabut', 'Produksi', 'borongan cabut'),
(318, '322', 'LMG-2024-313', 'AGUS PRASETYO', '3524011208010001', 'L', 'Operator', 'Operator', 60, 'Cabut', 'Produksi', 'borongan cabut'),
(319, '323', 'LMG-2025-365\r\n', 'KHOIRUL ABIDIN', '3524102604980003', 'L', 'Operator', 'Operator', 2, 'Cabut', 'Produksi', 'borongan cabut'),
(320, '324', 'Resign', 'ACHMAD DWI RISQI', '0', '', 'Operator', 'Operator', NULL, 'Cabut', 'Produksi', 'borongan cabut'),
(321, '325', 'Resign', 'IRFANDI ATUS AFBSYAR', '0', '', 'Operator', 'Operator', NULL, 'Cabut', 'Produksi', 'borongan cabut'),
(322, '326', 'Resign', 'AHMAD FAYSHOL ABIDIN', '0', '', 'Operator', 'Operator', NULL, 'Cabut', 'Produksi', 'borongan cabut'),
(323, '327', 'Resign', 'AHMAD ZAENAL MA\'ARUF', '0', '', 'Operator', 'Operator', NULL, 'Cabut', 'Produksi', 'borongan cabut'),
(324, '328', 'LMG-2024-332', 'RIFFA MUSTIKA ZAEN', '3524126903050002', 'P', 'Operator', 'Operator', 25, 'Cabut', 'Produksi', 'borongan cabut'),
(325, '329', 'RESIGN', 'Sutomo', '0', '', 'Operator', 'Operator', NULL, 'Cabut', 'Produksi', 'borongan cabut'),
(326, '330', 'RESIGN', 'KHOIROTUL FANDYAH', '0', '', 'Operator', 'Operator', NULL, 'Cabut', 'Produksi', 'borongan cabut'),
(327, '331', 'LMG-2024-335', 'ARTHAMEVIA DWI F', '3524126302060001', 'P', 'Operator', 'Operator', 25, 'Cabut', 'Produksi', 'borongan cabut'),
(328, '332', 'Resign', 'Msatrioromadhodi', '0', '', 'Operator', 'Operator', NULL, 'Cabut', 'Produksi', 'borongan cabut'),
(329, '333', 'Resign', 'EASILATUN FAUZIAH', '0', '', 'Operator', 'Operator', NULL, 'Cabut', 'Produksi', 'borongan cabut'),
(330, '334', 'Resign', 'ANDRIAN BAGUS SUYADI', '0', '', 'Operator', 'Operator', NULL, 'Cabut', 'Produksi', 'borongan cabut'),
(331, '335', 'Resign', 'FITRIA NUR HALIMAH', '0', '', 'Operator', 'Operator', NULL, 'Cabut', 'Produksi', 'borongan cabut'),
(332, '336', 'Resign', 'META EKA', '0', '', 'Operator', 'Operator', NULL, 'Cabut', 'Produksi', 'borongan cabut'),
(333, '337', 'Resign', 'M. ARYA DWIKI PUTRA', '0', '', 'Operator', 'Operator', NULL, 'Cabut', 'Produksi', 'borongan cabut'),
(334, '338', 'Resign', 'M WAHYYU SIFA\'UDDIN', '0', '', 'Operator', 'Operator', NULL, 'Cabut', 'Produksi', 'borongan cabut'),
(335, '339', 'LMG-2021-122', 'SUHARTINI', '3524192708900001', 'P', 'Operator', 'Operator', 8, 'Cabut', 'Produksi', 'borongan cabut'),
(336, '340', 'LMG-2024-337', 'A AMBAR WATI', '3524194509020001', 'P', 'Operator', 'Operator', 22, 'Cabut', 'Produksi', 'borongan cabut'),
(337, '341', 'RESIGN', 'FANIYNUR INDRIYANI', '0', '', 'Operator', 'Operator', NULL, 'Cabut', 'Produksi', 'borongan cabut'),
(338, '342', 'Resign', 'EKO SURYANTO', '0', '', 'Operator', 'Operator', NULL, 'Cabut', 'Produksi', 'borongan cabut'),
(339, '343', 'LMG-2025-256\r\n', 'NALINDRA ADITYA SAPUTRA', '3516031706060003', 'L', 'Operator', 'Operator', 57, 'Moulding', 'Produksi', 'borongan cabut'),
(340, '344', 'RESIGN', 'Burhanudinadamr', '0', '', 'Operator', 'Operator', NULL, 'Cabut', 'Produksi', 'borongan cabut'),
(341, '345', 'Resign', 'ADITIA NUR FADILLAH', '0', '', 'Operator', 'Operator', NULL, 'Cabut', 'Produksi', 'borongan cabut'),
(342, '346', 'RESIGN', 'AMANATUZ ZUHROH', '0', '', 'Operator', 'Operator', NULL, 'Cabut', 'Produksi', 'borongan cabut'),
(343, '347', 'LMG-2025-280', 'AHMAD ABDUL SAFARI', '3524163105960001', 'L', 'Operator', 'Operator', 7, 'Cabut', 'Produksi', 'borongan cetak'),
(344, '348', 'Resign', 'Rohmatfebri', '0', '', 'Operator', 'Operator', NULL, 'Cabut', 'Produksi', 'borongan cabut'),
(345, '349', 'Resign', 'AMIRUL MUKMININ', '0', '', 'Operator', 'Operator', NULL, 'Cabut', 'Produksi', 'borongan cabut'),
(346, '350', 'LMG-2024- 371', 'M. RIZA ARMADANI', '3523191307050001', 'L', 'Operator', 'Operator', 34, 'Cabut', 'Produksi', 'borongan cabut'),
(347, '351', 'LMG-2024- 372', 'RIZKI CAHAYA RAMADHONI', '3506132010040003', 'L', 'Operator', 'Operator', NULL, 'Bahan Baku', 'Produksi', 'borongan cabut'),
(348, '352', 'RESIGN', 'SUPARMI', '0', '', 'Operator', 'Operator', NULL, 'Cabut', 'Produksi', 'borongan cabut'),
(349, '353', 'RESIGN', 'YUSUF NURUL HAMSAH', '0', '', 'Operator', 'Operator', NULL, 'Cabut', 'Produksi', 'borongan cabut'),
(350, '354', 'LMG-2025-002', 'REVALDI FIRMANSYAH', '3524162005040002', 'L', 'Operator', 'Operator', 60, 'Cabut', 'Produksi', 'borongan cabut'),
(351, '355', 'RESIGN', 'ARIZAL MEDIA P', '0', '', 'Operator', 'Operator', NULL, 'Cabut', 'Produksi', 'borongan cabut'),
(352, '356', 'Resign', 'CHARLIE ADI P', '0', '', 'Operator', 'Operator', NULL, 'Cabut', 'Produksi', 'borongan cabut'),
(353, '357', 'Resign', 'AHMAD ALDI', '0', '', 'Operator', 'Operator', NULL, 'Cabut', 'Produksi', 'borongan cabut'),
(354, '358', 'Resign', 'BIMA NURIYANTO', '0', '', 'Operator', 'Operator', NULL, 'Cabut', 'Produksi', 'borongan cabut'),
(355, '359', 'LMG-2025-285', 'NILAL AMANI FITRIA', '3578166110060003', 'P', 'Operator', 'Operator', 118, 'Packing', 'Produksi', 'harian'),
(356, '360', 'LMG-2025-284', 'FITRI ERA FAZIRAH', '3524164405070001', 'P', 'Operator', 'Operator', 118, 'Packing', 'Produksi', 'harian'),
(357, '361', 'LMG-2025-001', 'DEVI CANDRA RIZKI R', '3524195212010002', 'P', 'Operator', 'Operator', NULL, 'Cuci Bersih', 'Produksi', 'borongan cabut'),
(358, '362', 'RESIGN', 'SHELVI NOVITA A.', '0', '', 'Operator', 'Operator', NULL, 'Cabut', 'Produksi', 'borongan cabut'),
(359, '363', 'LMG-2025-068', 'DESIANA NUR AZIZAH', '3524165112010003', '', 'Purchasing/ Logistic', 'Administrasi', NULL, 'Kasir Perusahaan', 'Support', 'bulanan'),
(360, '364', 'LMG-2025-030', 'MARGARETHA BICI', '5318016606970001', 'P', 'Operator', 'Operator', 118, 'Packing', 'Produksi', 'bulanan'),
(361, '365', 'RESIGN', 'AHMAD KHOIRON', '0', '', 'Operator', 'Operator', NULL, 'Cabut', 'Produksi', 'borongan cabut'),
(362, '366', 'RESIGN', 'DAVA DWI HENDRAWAN', '0', '', 'Operator', 'Operator', NULL, 'Cabut', 'Produksi', 'borongan cabut'),
(363, '367', 'RESIGN', 'SYAHAL MACHFUD NUR ', '0', '', 'Operator', 'Operator', NULL, 'Cabut', 'Produksi', 'borongan cabut'),
(364, '368', 'RESIGN', 'MOKAMAD RISKI A', '0', '', 'Operator', 'Operator', NULL, 'Cabut', 'Produksi', 'borongan cabut'),
(365, '369', 'RESIGN', 'AHMAD NIDHOMUDDIN', '0', '', 'Operator', 'Operator', NULL, 'Cabut', 'Produksi', 'borongan cabut'),
(366, '370', 'RESIGN', 'ANNAN SYAHRONI', '0', '', 'Operator', 'Operator', NULL, 'Cabut', 'Produksi', 'borongan cabut'),
(367, '371', 'RESIGN', 'ARFIAN DWI DEWANTO', '0', '', 'Operator', 'Operator', NULL, 'Cabut', 'Produksi', 'borongan cabut'),
(368, '372', 'LMG-2025-016', 'FARENGGA KIKO R', '3524040211050001', 'L', 'Operator', 'Operator', 2, 'Cabut', 'Produksi', 'borongan cabut'),
(369, '373', 'RESIGN', 'MOHAMMAD SHO\'IM', '0', '', 'Operator', 'Operator', NULL, 'Cabut', 'Produksi', 'borongan cabut'),
(370, '374', 'RESIGN', 'TUBAGUS DWI ADI R', '0', '', 'Operator', 'Operator', NULL, 'Cabut', 'Produksi', 'borongan cabut'),
(371, '375', 'RESIGN', 'M TAJUDDIN THOLABI', '0', '', 'Operator', 'Operator', NULL, 'Cabut', 'Produksi', 'borongan cabut'),
(372, '376', 'RESIGN', 'AKBAR NUR ROSYID', '0', '', 'Operator', 'Operator', NULL, 'Cabut', 'Produksi', 'borongan cabut'),
(373, '377', 'RESIGN', 'FATH ACHMAD A', '0', '', 'Operator', 'Operator', NULL, 'Cabut', 'Produksi', 'borongan cabut'),
(374, '378', 'RESIGN', 'ERLANGGA JALU P', '0', '', 'Operator', 'Operator', NULL, 'Cabut', 'Produksi', 'borongan cabut'),
(375, '379', 'RESIGN', 'M KHOIRUL ANAM', '0', '', 'Operator', 'Operator', NULL, 'Cabut', 'Produksi', 'borongan cabut'),
(376, '380', 'RESIGN', 'ERIK HERMAWAN', '0', '', 'Operator', 'Operator', NULL, 'Cabut', 'Produksi', 'borongan cabut'),
(377, '381', 'LMG-2025-032', 'FAIS RAFLY DWI N', '3524171909060002', 'L', 'Operator', 'Operator', 22, 'Cabut', 'Produksi', 'borongan cabut'),
(378, '382', 'RESIGN', 'KENI LELITA NUR', '0', '', 'Operator', 'Operator', NULL, 'Cabut', 'Produksi', 'borongan cabut'),
(379, '383', 'RESIGN', 'M TRI PUJI HARIYANTO', '0', '', 'Operator', 'Operator', NULL, 'Cabut', 'Produksi', 'borongan cabut'),
(380, '384', 'Resign', 'MUHAMMAD SAFARUDIN', '0', '', 'Operator', 'Operator', NULL, 'Cabut', 'Produksi', 'borongan cabut'),
(381, '385', 'RESIGN', 'NANDA BUDIANTO', '0', '', 'Operator', 'Operator', NULL, 'Cabut', 'Produksi', 'borongan cabut');
INSERT INTO `users` (`id`, `pin`, `nip`, `nama`, `nik`, `jk`, `job_title`, `job_level`, `tl_id`, `bagian`, `departemen`, `kategori_gaji`) VALUES
(382, '386', 'Resign', 'RENDI SETYA BUDI P', '0', '', 'Operator', 'Operator', NULL, 'Cabut', 'Produksi', 'borongan cabut'),
(383, '387', 'RESIGN', 'DESI AULIA PUTRI', '0', '', 'Operator', 'Operator', NULL, 'Cabut', 'Produksi', 'borongan cabut'),
(384, '388', 'RESIGN', 'DESLITA KURNIA ', '0', '', 'Operator', 'Operator', NULL, 'Cabut', 'Produksi', 'borongan cabut'),
(385, '389', 'RESIGN', 'DINDA TRI SEKARNINGRUM', '0', '', '', 'Operator', NULL, 'Cabut', 'Produksi', 'borongan cabut'),
(386, '390', 'LMG-2025-044\r\n', 'FAROH AFIFUDIN M', '3523193108040002', 'P', 'Operator', 'Operator', 119, 'Cabut', 'Produksi', 'borongan cabut'),
(387, '391', 'RESIGN', 'M FARID DWI MAULANA', '0', '', 'Operator', 'Operator', NULL, 'Cabut', 'Produksi', 'borongan cabut'),
(388, '392', 'Resign', 'Hilyatul', '0', '', 'Operator', 'Operator', NULL, 'Cabut', 'Produksi', 'borongan cabut'),
(389, '393', 'Resign', 'Anis', '0', '', 'Operator', 'Operator', NULL, 'Cabut', 'Produksi', 'borongan cabut'),
(390, '394', 'LMG-2025-050', 'MOKHAMAT ANGGARA P', '35231722120003', 'L', 'Admin', 'Administrasi', NULL, 'Packing', 'Produksi', 'bulanan'),
(391, '395', 'RESIGN', 'PINNA DEVITA SARI', '0', '', 'Operator', 'Operator', NULL, 'Cabut', 'Produksi', 'borongan cabut'),
(392, '396', 'Resign', 'Farengga', '0', '', 'Operator', 'Operator', NULL, 'Cabut', 'Produksi', 'borongan cabut'),
(393, '397', 'Resign', 'Akbar', '0', '', 'Operator', 'Operator', NULL, 'Cabut', 'Produksi', 'borongan cabut'),
(394, '398', 'Resign', 'ALIF FIRMANSYAH', '0', '', 'Operator', 'Operator', NULL, 'Cabut', 'Produksi', 'borongan cabut'),
(395, '399', 'Resign', 'Prisintia', '0', '', 'Operator', 'Operator', NULL, 'Cabut', 'Produksi', 'borongan cabut'),
(396, '400', 'Resign', 'Danik', '0', '', 'Operator', 'Operator', NULL, 'Cabut', 'Produksi', 'borongan cabut'),
(397, '401', 'RESIGN', 'DARREN ALEXANDRA', '0', '', 'Operator', 'Operator', NULL, 'Cabut', 'Produksi', 'borongan cabut'),
(398, '402', 'Resign', 'Ayunda', '0', '', 'Operator', 'Operator', NULL, 'Cabut', 'Produksi', 'borongan cabut'),
(399, '403', 'LMG-2025-097', 'SITI NURAISAH\r\n', '3524124502070002', 'P', 'Operator', 'Operator', 22, 'Cabut', 'Produksi', 'borongan cabut'),
(400, '404', 'RESIGN', 'Anisa', '0', '', 'Operator', 'Operator', NULL, 'Cabut', 'Produksi', 'borongan cabut'),
(401, '405', 'RESIGN', 'LUTFI HIDAYATI', '0', '', 'Operator', 'Operator', NULL, 'Cabut', 'Produksi', 'borongan cabut'),
(402, '406', 'RESIGN', 'MUHAMMAD FATKHUR R', '0', '', 'Operator', 'Operator', NULL, 'Cabut', 'Produksi', 'borongan cabut'),
(403, '407', 'LMG-2025-064', 'RADIT SEYIA YOGA P', '3524121310050002', 'L', 'Operator', 'Operator', 40, 'Bahan Baku', 'Produksi', 'harian'),
(404, '408', 'LMG-2025-065\r\n', 'RIA SEPTI ARINDA', '3524126209960001', 'P', 'Operator', 'Operator', 25, 'Cabut', 'Produksi', 'borongan cabut'),
(405, '409', 'Resign', 'Nisa', '0', '', 'Operator', 'Operator', NULL, 'Cabut', 'Produksi', 'borongan cabut'),
(406, '410', 'RESIGN', 'Fatimah', '0', '', 'Operator', 'Operator', NULL, 'Cabut', 'Produksi', 'borongan cabut'),
(407, '411', 'RESIGN', 'DESIANA NUR AZIZAH', '3524165112010003', 'P', 'Purchasing/ Logistic', 'Administrasi', NULL, 'Kasir Perusahaan', 'Support', 'borongan cabut'),
(408, '413', 'RESIGN', 'ACHMAD SULTON', '0', '', 'Operator', 'Operator', NULL, 'Cabut', 'Produksi', 'borongan cabut'),
(409, '414', 'RESIGN', 'AHMAD FITRIYANTO A', '0', '', 'Operator', 'Operator', NULL, 'Cabut', 'Produksi', 'borongan cabut'),
(410, '415', 'RESIGN', 'NARKO', '0', '', 'Operator', 'Operator', NULL, 'Cabut', 'Produksi', 'borongan cabut'),
(411, '416', 'RESIGN', 'RAHMAT NUR HIDAYAT', '0', '', 'Operator', 'Operator', NULL, 'Cabut', 'Produksi', 'borongan cabut'),
(412, '417', 'Resign', ' ANISA   ', '0', '', 'Operator', 'Operator', NULL, 'Cabut', 'Produksi', 'borongan cabut'),
(413, '418', 'RESIGN', 'DICKY CHANDRA Y', '0', '', 'Operator', 'Operator', NULL, 'Cabut', 'Produksi', 'borongan cabut'),
(414, '419', 'RESIGN', 'MUHAMAT ALFA A', '0', '', 'Operator', 'Operator', NULL, 'Cabut', 'Produksi', 'borongan cabut'),
(415, '420', 'LMG-2025-078', 'FATIMAH MUDAIM', '3524044408000002', 'P', 'Operator', 'Operator', 25, 'Cabut', 'Produksi', 'borongan cabut'),
(416, '421', 'RESIGN', 'RACHMAD ROMADHON', '0', '', 'Operator', 'Operator', NULL, 'Cabut', 'Produksi', 'borongan cabut'),
(417, '422', 'RESIGN', 'RIZAL ARDIANSYAH', '0', '', 'Operator', 'Operator', NULL, 'Cabut', 'Produksi', 'borongan cabut'),
(418, '423', 'LMG-2025-081\r\n', 'NOVITA SARI', '3524105301980004', 'P', 'Operator', 'Operator', NULL, 'Cuci Bersih', 'Produksi', 'borongan cabut'),
(419, '424', 'LMG-2025-082\r\n', 'SEFRIAN YANUAR K', '3515130201010006', 'L', 'Operator', 'Operator', 8, 'Cabut', 'Produksi', 'borongan cabut'),
(420, '425', 'RESIGN', 'KHOLID SETIAWAN', '0', '', 'Operator', 'Operator', NULL, 'Cabut', 'Produksi', 'borongan cabut'),
(421, '426', 'LMG-2025-084', 'ACHMAD ROFIQ M', '3524192004030004', 'L', 'Operator', 'Operator', 8, 'Cabut', 'Produksi', 'borongan cabut'),
(422, '427', 'RESIGN', 'SAMSUL AFANDI', '0', '', 'Operator', 'Operator', NULL, 'Cabut', 'Produksi', 'borongan cabut'),
(423, '428', 'RESIGN', 'NADIYATUL MA\'RIFAH', '0', '', 'Operator', 'Operator', NULL, 'Cabut', 'Produksi', 'borongan cabut'),
(424, '429', 'LMG-2025-087\r\n', 'NANDA FINATA NUR R', '03524064710050002', 'P', 'Operator', 'Operator', 22, 'Cabut', 'Produksi', 'borongan cabut'),
(425, '430', 'RESIGN', 'ROIHATUL JANNAH', '0', '', 'Operator', 'Operator', NULL, 'Cabut', 'Produksi', 'borongan cabut'),
(426, '431', 'LMG-2025-089', 'ANANDIYATUL K', '3522095610060003', 'P', 'Operator', 'Operator', 25, 'Cabut', 'Produksi', 'borongan cabut'),
(427, '432', 'RESIGN', 'ROBITA EKA DINATA', '0', '', 'Operator', 'Operator', NULL, 'Cabut', 'Produksi', 'borongan cabut'),
(428, '433', 'RESIGN', 'M MIFTAHUL ARIF', '0', '', '', 'Operator', NULL, 'Cabut', 'Produksi', 'borongan cabut'),
(429, '434', 'RESIGN', 'ABDUL GHOFFAR', '0', '', '', 'Operator', NULL, 'Cabut', 'Produksi', 'borongan cabut'),
(430, '435', 'Resign', 'AHMAD HADI NASIKHIN', '0', '', '', 'Operator', NULL, 'Cabut', 'Produksi', 'borongan cabut'),
(431, '436', 'Resign', 'M ALINSYAH', '0', '', '', 'Operator', NULL, 'Cabut', 'Produksi', 'borongan cabut'),
(432, '437', 'LMG-2025-099', 'Ninis', '3524014607050001', 'P', 'Operator', 'Operator', 60, 'Cabut', 'Produksi', 'borongan cabut'),
(433, '438', 'RESIGN', 'Rahmadrusdiyanto', '0', '', 'Operator', 'Operator', NULL, 'Cabut', 'Produksi', 'borongan cabut'),
(434, '439', 'LMG-2025-103\r\n', 'ACHMAD PRIMA RIZKI R\r\n', '3524192210040001', 'L', 'Operator', 'Operator', 60, 'Cabut', 'Produksi', 'borongan cabut'),
(435, '440', 'LMG-2025-104', 'A REZA FALEFI', '3524190908040002', 'L', 'Operator', 'Operator', 3, 'Cabut', 'Produksi', 'borongan cabut'),
(436, '441', 'Resign', 'Hanim', '0', '', 'Operator', 'Operator', NULL, 'Cabut', 'Produksi', 'borongan cabut'),
(437, '442', 'LMG-2025-112', 'Diwanto', '0', 'L', 'Maintenance', 'Maintenance', NULL, 'Maintenance', 'Support', 'harian'),
(438, '443', 'Resign', 'Oktavia', '0', '', 'Operator', 'Operator', NULL, 'Cabut', 'Produksi', 'borongan cabut'),
(439, '444', 'Resign', 'Ejivia', '0', '', 'Operator', 'Operator', NULL, 'Cabut', 'Produksi', 'borongan cabut'),
(440, '445', 'Resign', 'Muna', '0', '', 'Operator', 'Operator', NULL, 'Cabut', 'Produksi', 'borongan cabut'),
(441, '446', 'RESIGN', 'Anike', '0', '', 'Operator', 'Operator', NULL, 'Cabut', 'Produksi', 'borongan cabut'),
(442, '447', 'RESIGN', 'Lintang', '0', '', 'Operator', 'Operator', NULL, 'Cabut', 'Produksi', 'borongan cabut'),
(443, '448', 'RESIGN', 'Izza', '0', '', 'Operator', 'Operator', NULL, 'Cabut', 'Produksi', 'borongan cabut'),
(444, '449', 'Resign', 'Ziadatul', '0', '', 'Operator', 'Operator', NULL, 'Cabut', 'Produksi', 'borongan cabut'),
(445, '450', 'Resign', 'Putra', '0', '', 'Operator', 'Operator', NULL, 'Cabut', 'Produksi', 'borongan cabut'),
(446, '451', 'Resign', 'Faiz', '0', '', 'Operator', 'Operator', NULL, 'Cabut', 'Produksi', 'borongan cabut'),
(447, '452', 'LMG-2025-397', 'EKY HERDIANSYAH\r\n', '3524162703070004', 'L', 'Operator', 'Operator', NULL, 'Moulding', 'Produksi', 'borongan cabut'),
(448, '453', 'RESIGN', 'Ririn', '0', '', 'Operator', 'Operator', NULL, 'Cabut', 'Produksi', 'borongan cabut'),
(449, '454', 'LMG-2025-136', 'Happy', '3524155402020002', 'P', 'Operator', 'Operator', 63, 'Dry B & HCR', 'Produksi', 'harian'),
(450, '455', 'RESIGN', 'Atik', '0', '', 'Operator', 'Operator', NULL, 'Cabut', 'Produksi', 'borongan cabut'),
(451, '456', 'Resign', 'Andre', '0', '', 'Operator', 'Operator', NULL, 'Cabut', 'Produksi', 'borongan cabut'),
(452, '457', 'RESIGN', 'IRVAN GUNAWAN', '0', '', 'Operator', 'Operator', NULL, 'Cabut', 'Produksi', 'borongan cabut'),
(453, '458', 'LMG-2025-140', 'CINDY ARISTA W', '3524166407010002', 'P', 'Security', 'Security', NULL, 'Security', 'Support', 'bulanan'),
(454, '459', 'LMG-2025-179', 'DIKY ARDIANTO', '3524161902010002', 'L', 'Operator', 'Operator', 98, 'Cutter & Flek', 'Produksi', 'harian'),
(455, '460', 'LMG-2025-165', 'ZALFA DION ALIYAH', '3520106507060002', 'P', 'Operator', 'Operator', 63, 'Dry B & HCR', 'Produksi', 'harian'),
(456, '461', 'LMG-2025-169', 'WANDA LEVIA AGUSTINA', '3524125708020004', 'P', 'Operator', 'Operator', 63, 'Grading', 'Produksi', 'harian'),
(457, '462', 'RESIGN', 'Fajarissyaadah', '0', '', 'Operator', 'Operator', NULL, 'Cabut', 'Produksi', 'borongan cabut'),
(458, '463', 'LMG-2025-171', 'IVA AVIVATUR ROHMAH', '03524125704020003', 'P', 'Operator', 'Operator', 63, 'Dry B & HCR', 'Produksi', 'harian'),
(459, '464', 'RESIGN', 'Nisaunkaesza', '0', '', 'Operator', 'Operator', NULL, 'Cabut', 'Produksi', 'borongan cabut'),
(460, '465', 'LMG-2025-235', 'LIYYA OKYAVIA', '3517056110070002', 'P', 'Operator', 'Operator', 63, 'Dry B & HCR', 'Produksi', 'harian'),
(461, '466', 'RESIGN', 'Malimasyhar', '0', '', 'Operator', 'Operator', NULL, 'Cabut', 'Produksi', 'borongan cabut'),
(462, '467', 'RESIGN', 'Candrapratamabahus', '0', '', 'Operator', 'Operator', NULL, 'Cabut', 'Produksi', 'borongan cabut'),
(463, '468', 'RESIGN', 'Myusufkusuma', '0', '', 'Operator', 'Operator', NULL, 'Cabut', 'Produksi', 'borongan cabut'),
(464, '469', 'RESIGN', 'Msaifudin', '0', '', 'Operator', 'Operator', NULL, 'Cabut', 'Produksi', 'borongan cabut'),
(465, '470', 'LMG-2025-230', 'Rizqy Al Akbar', '3524190803070004', 'L', 'Operator', 'Operator', 24, 'Moulding', 'Produksi', 'borongan cetak'),
(466, '471', 'LMG-2025-231', 'Ahmad Asrofi', '3523201210060001', 'L', 'Operator', 'Operator', 99, 'Moulding', 'Produksi', 'borongan cetak'),
(467, '472', 'RESIGN', 'Aagusariyanto', '0', '', 'Operator', 'Operator', NULL, 'Cabut', 'Produksi', 'borongan cabut'),
(468, '473', 'RESIGN', 'Ardhilyafuroida', '0', '', 'Operator', 'Operator', NULL, 'Cabut', 'Produksi', 'borongan cabut'),
(469, '474', 'LMG-2025-226', 'Iin Novita Sari', '3524125511000003', 'P', 'Operator', 'Operator', 22, 'Cabut', 'Produksi', 'borongan cabut'),
(470, '475', 'LMG-2025-185\r\n', 'SITI WULANSARI\r\n', '3522046006050004', 'P', 'Operator', 'Operator', 22, 'Cabut', 'Produksi', 'borongan cabut'),
(471, '476', 'RESIGN', 'Winnaabelsari', '0', '', 'Operator', 'Operator', NULL, 'Cabut', 'Produksi', 'borongan cabut'),
(472, '477', 'LMG-2025-215', 'ELVIAN CATUR WIJAYANTI\r\n', '3524064605030002', 'P', 'Operator', 'Operator', 24, 'Moulding', 'Produksi', 'borongan cetak'),
(473, '478', 'LMG-2025-203\r\n', 'YULIANA SANTOSO', '3524126307840001', 'P', 'Operator', 'Operator', 22, 'Cabut', 'Produksi', 'borongan cabut'),
(474, '479', 'LMG-2025-204', 'YUNI INDAH PERTIWI', '3524126709920003', 'P', 'Operator', 'Operator', NULL, 'Cabut', 'Produksi', 'borongan cabut'),
(475, '480', 'LMG-2025-127', 'YAYUK ISNAINI', '3524125903940002', 'P', 'Operator', 'Operator', 22, 'Cabut', 'Produksi', 'borongan cabut'),
(476, '481', 'LMG-2025-183', 'FAJAR SETIABUDI', '3517200902990001', 'L', 'Operator', 'Operator', NULL, 'Cabut', 'Produksi', 'borongan cabut'),
(477, '482', 'LMG-2025-206', 'Hernipurwaningsis', '3524124602800001', 'P', 'Operator', 'Operator', 60, 'Cabut', 'Produksi', 'borongan cabut'),
(478, '483', 'LMG-2025-205', 'SRI WITDIATI', '3524196005010003', 'P', 'Operator', 'Operator', 119, 'Cabut', 'Produksi', 'borongan cabut'),
(479, '484', 'LMG-2025-217', 'ASTIANA NUR AINI', '3524226209060003', 'P', 'Operator', 'Operator', 22, 'Cabut', 'Produksi', 'borongan cabut'),
(480, '485', 'LMG-2025-208', 'Aditya Eka P', '3524160701070001', 'L', 'Operator', 'Operator', NULL, 'Cabut', 'Produksi', 'harian'),
(481, '486', 'LMG-2025-209', 'DAFFA ISLAMIC SETYONO', '3524162603070001', 'L', 'Operator', 'Operator', 118, 'Packing', 'Produksi', 'harian'),
(482, '487', 'LMG-2025-210', 'M RASSYA EIDI PRATAMA', '3524161904070001', 'L', 'Operator', 'Operator', 118, 'Packing', 'Produksi', 'harian'),
(483, '488', 'RESIGN', 'Magungbaskoro', '0', '', 'Operator', 'Operator', NULL, 'Cabut', 'Produksi', 'borongan cabut'),
(484, '489', 'LMG-2025-162', 'M ABQORIYIN HISAN', '3524272104060001', 'L', 'Operator', 'Operator', 118, 'Packing', 'Produksi', 'harian'),
(485, '490', 'LMG-2025-181', 'M RIDHO HAFIED PRATAMA', '3522020612040002', 'L', 'Operator', 'Operator', 25, 'Cabut', 'Produksi', 'borongan cabut'),
(486, '491', 'LMG-2025-212', 'Widia Fazira', '3524124711060001', 'P', 'Operator', 'Operator', 118, 'Packing', 'Produksi', 'harian'),
(487, '492', 'LMG-2025-192', 'REY RAFELA\r\n', '9271066701060001', 'P', 'Operator', 'Operator', 118, 'Packing', 'Produksi', 'harian'),
(488, '493', 'LMG-2025-190', 'OLLYVIA NUR DEVI A', '3524165502070003', 'P', 'Operator', 'Operator', 118, 'Packing', 'Produksi', 'borongan cabut'),
(489, '494', 'LMG-2025-193', 'ARLINDAH PUTMASARI\r\n', '3524126010020001', 'P', 'Operator', 'Operator', 118, 'Packing', 'Produksi', 'harian'),
(490, '495', 'LMG-2025-191', 'ALFULLAILATUL JANNAH', '3524166110980002', 'P', 'Operator', 'Operator', 118, 'Packing', 'Produksi', 'borongan cabut'),
(491, '496', 'LMG-2025-201', 'SUMIATI', '3524195802870002', 'L', 'Operator', 'Operator', 34, 'Cabut', 'Produksi', 'borongan cabut'),
(492, '497', 'LMG-2025-202', 'ASTUTIK', '3524195503790001', 'P', 'Operator', 'Operator', 34, 'Cabut', 'Produksi', 'borongan cabut'),
(493, '498', 'LMG-2025-314', 'DIKI ARNANDO PRASTIO', '3517130205000002', 'L', 'Operator', 'Operator', 99, 'Moulding', 'Produksi', 'borongan cetak'),
(494, '499', 'LMG-2025-313', 'DWI DIPOWIYOSO', '3524041711960002', 'P', 'Operator', 'Operator', 57, 'Moulding', 'Produksi', 'borongan cetak'),
(495, '500', 'RESIGN', 'Ahmadabdulrosid', '0', '', 'Operator', 'Operator', NULL, 'Cabut', 'Produksi', 'borongan cabut'),
(496, '501', 'RESIGN', 'Mzulfijarfauzi', '0', '', 'Operator', 'Operator', NULL, 'Cabut', 'Produksi', 'borongan cabut'),
(497, '502', 'RESIGN', 'Agungdwiwahyudi', '0', '', 'Operator', 'Operator', NULL, 'Cabut', 'Produksi', 'borongan cabut'),
(498, '503', 'RESIGN', 'Hilminurfaiza', '0', '', 'Operator', 'Operator', NULL, 'Cabut', 'Produksi', 'borongan cabut'),
(499, '504', 'LMG-2025-309', 'DWI SINTA YULIANTI', '3624165307070001', 'P', 'Operator', 'Operator', 109, 'Titil HCR', 'Produksi', 'borongan cabut'),
(500, '505', 'RESIGN', 'Citralativatul', '0', '', 'Operator', 'Operator', NULL, 'Cabut', 'Produksi', 'borongan cabut'),
(501, '506', 'RESIGN', 'Sitifatimah', '0', '', 'Operator', 'Operator', NULL, 'Cabut', 'Produksi', 'borongan cabut'),
(502, '507', 'RESIGN', 'Zahraregita', '0', '', 'Operator', 'Operator', NULL, 'Cabut', 'Produksi', 'borongan cabut'),
(503, '508', 'LMG-2025-371', 'AHMAD SHOHAZAR', '3523132911010002', 'L', 'Maintenance', 'Maintenance', NULL, 'Maintenance IT', 'Support', 'harian'),
(504, '510', 'LMG-2025-383', 'Pramono', '0', 'L', 'Driver', 'Driver', NULL, 'Driver', 'Support', 'bulanan'),
(508, '509', 'LMG-2025-384', 'ADINDA DWI AYU LESTARI', '', 'P', 'Admin', 'Administrasi', NULL, 'Admin', 'Produksi', 'borongan cabut'),
(510, '189', 'LMG-2025-450', 'NUR AINNIYAH SHOLIKHAH', '', 'P', 'Admin', 'Administrasi', NULL, 'Packing', 'Produksi', 'harian'),
(511, '200', 'LMG-2025-357', 'RINI NUR AZIZA ARIANTI', '', 'P', 'Operator', 'Operator', 118, 'Packing', 'Produksi', 'harian'),
(512, '513', 'LMG-2025-367', 'ANDHIKA YUNA PRATAMA', '', 'L', 'Operator', 'Operator', 40, 'Bahan Baku', 'Produksi', 'harian'),
(513, '515', 'LMG-2025-350', 'VINDI SALSA BELA', '', 'P', 'Operator', 'Operator', 2, 'Cabut', 'Produksi', 'borongan cabut'),
(515, '517', 'LMG-2025-425', 'M TEGUH FIRMASYAH', '', 'L', 'Operator', 'Operator', 109, 'Titil HCR', 'Operation', 'borongan cabut'),
(516, '518', 'LMG-2025-424', 'ABDUL FATAH', '3523161506050002', 'L', 'Operator', 'Operator', 109, 'Titil HCR', 'Produksi', 'borongan cabut'),
(517, '519', 'LMG-2025-431', 'NINDI PEBIANTI', '3524164602970001', 'P', 'Operator', 'Operator', 2, 'Cabut', 'Produksi', 'borongan cabut'),
(518, '520', 'LMG-2025-225', 'TAZKIA AULIA', '3524126903020001', 'P', 'Operator', 'Operator', 22, 'Cabut', 'Produksi', 'borongan cabut'),
(519, '521', 'LMG-2025-365', 'KHOIRUL ABIDIN', '3524102604980003', 'L', 'Operator', 'Operator', NULL, 'Cabut', 'Produksi', 'borongan cabut'),
(520, '522', 'LMG-2025-387', 'ALISA DWI PUSPITA ', '', 'P', 'Operator', 'Operator', 22, 'Cabut', 'Produksi', 'borongan cabut'),
(521, '516', 'LMG-2025-404', 'DENNIS JAFFAR ALI SHIDIK', '3522090805990006', 'L', 'Operator', 'Operator', 109, 'Titil HCR', 'Produksi', 'borongan cabut'),
(522, '523', 'LMG-2025-380', 'KHOIROTUN NI\'MAH', '3524165010960001', 'P', 'Operator', 'Operator', 22, 'Cabut', 'Produksi', 'borongan cabut'),
(523, '524', 'LMG-2025-416', 'DWI FIDYA RATNASARI', '3524064104910003', 'P', 'Operator', 'Operator', 119, 'Cabut', 'Produksi', 'borongan cabut'),
(524, '525', 'LMG-2025-406', 'KHUSNUL KHOIRIYAH', '', 'P', 'Operator', 'Operator', 119, 'Cabut', 'Produksi', 'borongan cabut'),
(525, '526', 'LMG-2025-378', 'HENI NIDIA DWI AGUSTINA', '3524196708970002', 'P', 'Operator', 'Operator', NULL, 'Cabut', 'Produksi', 'borongan cabut'),
(526, '527', 'LMG-2025-379', 'AHMAD FAJAR SHODIQ', '3524162703070001', 'L', 'Operator', 'Operator', 25, 'Cabut', 'Produksi', 'borongan cabut'),
(527, '528', 'LMG-2025-417', 'MIFTACHUL ASRORI', '3523200311070002', 'L', 'Operator', 'Operator', 25, 'Cabut', 'Produksi', 'borongan cabut'),
(528, '529', 'LMG-2025-421', 'AHMAD RIZKY', '3524042506060002', 'L', 'Operator', 'Operator', 3, 'Cabut', 'Produksi', 'borongan cabut'),
(529, '530', 'LMG-2025-420', 'LUKMAN FAREL RENDIANTO', '3524040301060002', 'L', 'Operator', 'Operator', NULL, 'Cabut', 'Produksi', 'borongan cabut'),
(530, '531', 'LMG-2025-414', 'DIANA SILVIA DEWI', '3515066306790001', 'P', 'Operator', 'Operator', 2, 'Cabut', 'Produksi', 'borongan cabut'),
(531, '532', 'LMG-2025-422', 'BAGAS NURDIANSYAH', '3523202504070002', 'L', 'Operator', 'Operator', 2, 'Cabut', 'Produksi', 'borongan cabut'),
(532, '533', 'LMG-2025-347', 'M FARID AMIRUDIN', '3524032911960003', 'L', 'Operator', 'Operator', NULL, 'CCP 1', 'Produksi', 'harian'),
(533, '534', 'LMG-2025-356', 'INDARWATI BJ', '3523146802000001', 'P', 'Operator', 'Operator', NULL, 'Cabut', 'Produksi', 'borongan cabut'),
(534, '535', 'LMG-2025-429', 'SINTA FITRIYAH', '3524161012170001', 'P', 'Operator', 'Operator', NULL, 'CCP 1', 'Produksi', 'harian'),
(535, '536', 'LMG-2025-412', 'JUNAEDI ARIF WARDANA', '', 'L', 'Operator', 'Operator', 1, 'Cuci Kotor', 'Produksi', 'harian'),
(536, '537', 'LMG-2025-363', 'KHOFIFATUS SA\'ADAH', '3524166802010001', 'P', 'Operator', 'Operator', 1, 'Cuci Kotor', 'Produksi', 'harian'),
(537, '538', 'LMG-2025-364', 'NUR ROHMAWATI', '3527085511060002', 'P', 'Operator', 'Operator', 1, 'Cuci Kotor', 'Produksi', 'harian'),
(538, '539', 'LMG-2025-400', 'M TEGUH PRASTIO', '3524122904070001', 'L', 'Operator', 'Operator', 113, 'Moulding', 'Produksi', 'borongan cetak'),
(539, '540', 'LMG-2025-403', 'M HANDIKA SAPUTRA', '3524160509040001', 'L', 'Operator', 'Operator', 113, 'Moulding', 'Produksi', 'borongan cetak'),
(540, '541', 'LMG-2025-375', 'DHARMA KURNIA WIDHI', '3524160606070001', 'L', 'Operator', 'Operator', NULL, 'Moulding', 'Produksi', 'borongan cetak'),
(541, '542', 'LMG-2025-413', 'SHAFI AHMAD FAHREZY', '', 'L', 'Operator', 'Operator', 113, 'Moulding', 'Produksi', 'borongan cetak'),
(542, '543', 'LMG-2025-382', 'M FUAD HARIYANTO', '3507051801070001', 'L', 'Operator', 'Operator', NULL, 'Moulding', 'Produksi', 'borongan cetak'),
(543, '544', 'LMG-2025-373', 'MOCHAMMAD DAWAM SYA\'BANI', '3524160411000001', 'L', 'Operator', 'Operator', 24, 'Moulding', 'Produksi', 'borongan cetak'),
(544, '545', 'LMG-2025-438', 'M RIZAL MEI DIAS PUTRA', '', 'L', 'Operator', 'Operator', 63, 'Final Grading', 'Produksi', 'harian'),
(545, '546', 'LMG-2025-423', 'AHMAD HIKMA KHOIRUL HUDA', '3524112402070001', 'L', 'Operator', 'Operator', 63, 'Final Grading', 'Produksi', 'harian'),
(546, '547', 'LMG-2025-304', 'AMANDA NOVA BERTHA', '3524165411060001', 'P', 'Operator', 'Operator', 63, 'Dry B & HCR', 'Produksi', 'harian'),
(547, '548', 'LMG-2025-415', 'Rusmiatun', '3527055002020011', 'P', 'Operator', 'Operator', 63, 'Dry B & HCR', 'Produksi', 'harian'),
(548, '549', 'LMG-2025-360', 'LAURA VITRIA', '3524195508060001', 'P', 'Operator', 'Operator', 109, 'Titil HCR', 'Produksi', 'borongan cabut'),
(549, '550', 'LMG-2025-349', 'ENO WULAN SUCI', '3524236610050001', 'P', 'Operator', 'Operator', 63, 'Final Grading', 'Produksi', 'harian'),
(550, '551', 'LMG-2025-372', 'RIANTIKA DWI JAYANTI', '3516175706070001', 'P', 'Operator', 'Operator', 99, 'Moulding', 'Produksi', 'borongan cetak'),
(551, '552', 'LMG-2025-312', 'M ALIYUDIN SYAH', '3524166107070001', 'L', 'Operator', 'Operator', 113, 'Moulding', 'Produksi', 'borongan cetak'),
(552, '553', 'LMG-2025-374', 'MUHAMMAD BAYU GALANG ', '3524111804070001', 'L', 'Operator', 'Operator', 27, 'Moulding', 'Produksi', 'borongan cetak'),
(553, '554', 'LMG-2025-306', 'DEVITA NUR ISMAIYAH', '3524164503030001', 'P', 'Operator', 'Operator', 63, 'Dry A', 'Produksi', 'harian'),
(554, '555', 'LMG-2025-303', 'Wilda', '3524124909060002', 'P', 'Operator', 'Operator', 63, 'Dry B & HCR', 'Produksi', 'harian'),
(555, '556', 'LMG-2025-343', 'LAILA INTAN RAMADHANI', '3524194210070001', 'P', 'Operator', 'Operator', 63, 'Grading', 'Produksi', 'harian'),
(556, '557', 'LMG-2025-361', 'ANGGUN FEBRIYANTI ROHMA', '3524194802070001', 'P', 'Operator', 'Operator', 63, 'Final Grading', 'Produksi', 'harian'),
(557, '558', 'LMG-2025-319', 'MUCHAMMAD RIZKY FAJAR ROMANSYAH', '3523171605060000', 'L', 'Operator', 'Operator', 53, 'Moulding', 'Produksi', 'borongan cetak'),
(558, '559', 'LMG-2025-426', 'AHMAD ZAINUL AZHAR', '3524160101050008', 'L', 'Operator', 'Operator', 118, 'Packing', 'Produksi', 'harian'),
(559, '560', 'LMG-2025-444', 'IRVAN MAULANA', '', 'L', 'Operator', 'Operator', 118, 'Packing', 'Produksi', 'harian'),
(560, '561', 'LMG-2025-442', 'MUKHAMAD ADITYA', '', 'L', 'Operator', 'Operator', 118, 'Packing', 'Produksi', 'harian'),
(561, '562', 'LMG-2025-443', 'DANDI FIRMANSYAH', '', 'L', 'Operator', 'Operator', 118, 'Packing', 'Produksi', 'harian'),
(562, '563', 'LMG-2025-366', 'GILANG SATRIA NANDA P', '3524162304050000', 'L', 'Operator', 'Operator', 118, 'Packing', 'Produksi', 'harian'),
(563, '564', 'LMG-2025-410', 'M BAHRUL ULUM', '', 'L', 'Operator', 'Operator', 118, 'Packing', 'Produksi', 'harian'),
(564, '565', 'LMG-2025-368', 'MAS ROBI ANILA', '3524111009060001', 'L', 'Operator', 'Operator', 118, 'Packing', 'Produksi', 'harian'),
(565, '566', 'LMG-2025-411', 'M AFRIZAL MUBAROQ', '', 'L', 'Operator', 'Operator', 118, 'Packing', 'Produksi', 'harian'),
(566, '567', 'LMG-2025-437', 'BAGUS CAHYO PURNOMO', '', 'L', 'Operator', 'Operator', 118, 'Packing', 'Produksi', 'harian'),
(567, '568', 'LMG-2025-451', 'LAILATUL FITRIA SHOLEHATUN NIKMAH', '3524235811040001', 'P', 'Operator', 'Operator', 118, 'Packing', 'Produksi', 'harian'),
(568, '569', 'LMG-2025-395', 'ROSHIDA DWI HANDAYANI', '', 'P', 'Operator', 'Operator', 118, 'Packing', 'Produksi', 'harian'),
(569, '570', 'LMG-2025-435', 'ISVANDIANA ZAHROTUL JANNAH', '', 'P', 'Operator', 'Operator', 118, 'Packing', 'Produksi', 'harian'),
(570, '571', 'LMG-2025-393', 'OKTA AYU INDARWATI', '', 'P', 'Operator', 'Operator', 118, 'Packing', 'Produksi', 'harian'),
(571, '572', 'LMG-2025-427', 'AULIA DWI NUR ZIENTHA', '3524065103060001', 'P', 'Operator', 'Operator', 118, 'Packing', 'Produksi', 'harian'),
(572, '573', 'LMG-2025-358', 'ANIS ZULAIKHAH', '3524166711860002', 'P', 'Operator', 'Operator', 118, 'Packing', 'Produksi', 'harian'),
(573, '574', 'LMG-2025-362', 'MARCELLA ANGGRAENI', '3524164203070002', 'P', 'Operator', 'Operator', 118, 'Packing', 'Produksi', 'harian'),
(574, '575', 'LMG-2025-453', 'Nur aini', '', 'P', 'Operator', 'Operator', 118, 'Packing', 'Produksi', 'harian'),
(575, '576', 'LMG-2025-447', 'NADZIROTUL ATIYAH', '', 'P', 'Operator', 'Operator', 118, 'Packing', 'Produksi', 'harian'),
(576, '577', 'LMG-2025-446', 'ANNA AYUNDA', '', 'P', 'Operator', 'Operator', 118, 'Packing', 'Produksi', 'harian'),
(577, '578', 'LMG-2025-448', 'AULIA SEPTIA RAMADHANI', '', 'P', 'Operator', 'Operator', 118, 'Packing', 'Produksi', 'harian'),
(578, '579', 'LMG-2025-449', 'SIFA KHARISMA', '', 'P', 'Operator', 'Operator', 118, 'Packing', 'Produksi', 'harian'),
(579, '580', 'LMG-2025-408', 'NURUL FAUZIYAH', '', 'P', 'Operator', 'Operator', 118, 'Packing', 'Produksi', 'harian'),
(580, '412', 'LMG-2025-301\r\n', 'AKHMAD IFANUDIN', '3624161305020000', 'L', 'Operator', 'Operator', 7, 'Moulding', 'Produksi', 'borongan cabut'),
(581, '246', 'LMG-2025-405', 'MIFTAHUS SHOLIHA', '3524124808850004', 'P', 'Operator', 'Operator', NULL, 'Cabut', 'Produksi', 'borongan cabut'),
(582, '304', 'LMG-2025-385', 'NAZILATUR RAHMA', '', 'P', 'Operator', 'Operator', NULL, '-', 'Produksi', 'borongan cabut'),
(583, '310', 'LMG-2025-338', 'BAYU DUWIYUL ANGGARA', '3524163108000002', 'L', 'Operator', 'Operator', 53, 'Cabut', 'Produksi', 'borongan cetak'),
(584, '511', 'LMG-2025-302', 'Apriliaivanax', '3524166204070001', 'P', 'Operator', 'Operator', NULL, 'Moulding', 'Produksi', 'borongan cetak'),
(585, '512', 'LMG-2025-341', 'ADEJELITA PRAMAI SHELA', '3516116503070001', 'P', 'Operator', 'Operator', NULL, 'Moulding', 'Produksi', 'borongan cetak'),
(586, '258', 'LMG-2025-430', 'SA\'ADATUM MAHMUDAH', '3524124809050000', 'P', 'Operator', 'Operator', NULL, 'Cabut', 'Produksi', 'borongan cabut'),
(587, '514', 'LMG-2025-299', 'DANA IZZUL HAQ', '3524161410000001', 'L', 'Operator', 'Operator', NULL, 'Moulding', 'Produksi', 'borongan cabut'),
(588, '581', 'LMG-2025-376', 'REVALDI DWI PRASETYO', '3524162007060001', 'L', 'Operator', 'Operator', NULL, 'Moulding', 'Produksi', 'borongan cetak'),
(589, '582', 'LMG-2025-339', 'WAHYU IMANUDIN HARIS', '3524163010990001', 'L', 'Operator', 'Operator', NULL, 'Moulding', 'Produksi', 'borongan cetak'),
(590, '583', 'LMG-2025-300', 'MUHAMMAD FAHRI RAMADHANI', '3524112411000001', 'L', 'Operator', 'Operator', NULL, 'Moulding', 'Produksi', 'borongan cetak'),
(591, '584', 'LMG-2025-269', 'M TAUFIQUL AMIN', '3524270907070001', 'L', 'Operator', 'Operator', NULL, 'Moulding', 'Produksi', 'borongan cetak'),
(592, '585', 'LMG-2025-240', 'HENDRA NUR AHMADDANI', '3524195509070001', 'L', 'Operator', 'Operator', NULL, 'Moulding', 'Produksi', 'borongan cetak'),
(596, '110', 'LMG-2025-457', 'FONI SELLA AYU NINGTIYAS', '3524162411990001', 'P', 'Operator', 'Operator', 118, 'Packing', 'Produksi', 'borongan cabut'),
(600, '111', 'LMG-2025-466', 'NELLA DHEA MALINDA', '3524166212050001', 'P', 'Operator', 'Operator', 3, 'Cabut', 'Produksi', 'borongan cabut'),
(601, '115', 'LMG-2025-459', 'SANDRA SINDIO WATI', '3524126105020002', 'P', 'Operator', 'Operator', 118, 'Packing', 'Produksi', 'borongan cabut'),
(602, '152', 'LMG-2025-458', 'NADILA AYU ALFIA', '3524126809030001', 'P', 'Operator', 'Operator', 118, 'Packing', 'Produksi', 'borongan cabut'),
(603, '586', 'LMG-2025-456', 'DWI RISKI AKBAR M', '3524162604070001', 'L', 'Operator', 'Operator', 118, 'Packing', 'Produksi', 'borongan cabut'),
(604, '587', 'LMG-2025-460', 'FINA MELINDA', '3524115012010001', 'P', 'Operator', 'Operator', 2, 'Cabut', 'Produksi', 'borongan cabut'),
(605, '588', 'LMG-2025-467', 'SITI KHUSNUL KOTIMAH', '3524216630300004', 'P', 'Operator', 'Operator', 34, 'Cabut', 'Produksi', 'borongan cabut'),
(606, '589', 'LMG-2025-465', 'HAMMAM UBAIDILLAH AL-OGANY', '3524190601070003', 'L', 'Operator', 'Operator', 25, 'Cabut', 'Produksi', 'borongan cabut'),
(607, '590', 'LMG-2025-462', 'AHMAD ANAS FAKHRUDDIN', '3524162305050001', 'L', 'Operator', 'Operator', 60, 'Cabut', 'Produksi', 'borongan cabut'),
(608, '591', 'LMG-2025-461', 'M KEFIN AL HABIB', '3514162007040002', 'L', 'Operator', 'Operator', 119, 'Cabut', 'Produksi', 'borongan cabut'),
(609, '592', 'LMG-2025-463', 'NAILIN NAJA', '3316110101020006', 'L', 'Operator', 'Operator', 119, 'Cabut', 'Produksi', 'borongan cabut'),
(610, '593', 'LMG-2025-401', 'DIO ADE IRAWAN', '3524121302060003', 'L', 'Operator', 'Operator', 57, 'Moulding', 'Produksi', 'borongan cabut'),
(611, '594', 'LMG-2025-164', 'M WAHYU DAFFA RAMADAN', '3524271808050002', 'L', 'Operator', 'Operator', 57, 'Moulding', 'Produksi', 'borongan cabut'),
(612, '700', '', 'Test', '', 'L', 'Operator', 'Operator', NULL, 'SPV', 'Produksi', 'borongan cabut'),
(613, '596', 'LMG-2025-370', 'HAJAR SUNTORO', '', 'P', 'Sanitasi', 'Sanitasi', NULL, 'Sanitasi', 'Support', 'borongan cabut'),
(614, '595', 'LMG-2025-468', 'Lukman bush tommi', '3524172709060002', 'L', 'Operator', 'Sanitasi', NULL, 'Sanitasi', 'Support', 'borongan cabut'),
(615, '597', 'LMG-2025-480', 'Fandhi ahmad', '352416221040002', 'L', 'Operator', 'Operator', 22, 'Cabut', 'Produksi', 'borongan cabut'),
(616, '598', 'LMG-2025-469', 'Ahmad abdullah isnandar', '3524131807060002', 'L', 'Operator', 'Operator', 2, 'Cabut', 'Produksi', 'borongan cabut'),
(617, '599', 'LMG-2025-481', 'A ihwanul hakim', '3524202211990001', 'L', 'Operator', 'Operator', 119, 'Cabut', 'Produksi', 'borongan cabut'),
(618, '600', 'LMG-2025-398', 'M rofiq aditya', '3524112808020002', 'L', 'Operator', 'Operator', 48, 'Moulding', 'Produksi', 'borongan cabut'),
(619, '601', 'LMG-2025-399', 'Abdul manan', '3521131112060002', 'L', 'Operator', 'Operator', 99, 'Moulding', 'Produksi', 'borongan cabut'),
(620, '602', 'LMG-2025-478', 'Afidatul kusmiati', '3524114202980002', 'P', 'Operator', 'Operator', 118, 'Packing', 'Produksi', 'borongan cabut'),
(621, '603', 'LMG-2025-498', 'Sri astutik', '3524125606880001', 'P', 'Operator', 'Operator', 118, 'Packing', 'Produksi', 'borongan cabut'),
(622, '604', 'LMG-2025-477', 'Uswatun kharomah', '3524234606040001', 'P', 'Operator', 'Operator', 118, 'Packing', 'Produksi', 'borongan cabut'),
(623, '605', 'LMG-2025-493', 'Zuma\'rifah rohmawati nisa\'', '3524164307990001', 'P', 'Operator', 'Operator', 118, 'Packing', 'Produksi', 'borongan cabut'),
(624, '606', 'LMG-2025-475', 'Winda nurhidayah', '3524166912070004', 'P', 'Operator', 'Operator', 118, 'Packing', 'Produksi', 'borongan cabut'),
(625, '607', 'LMG-2025-499', 'SAFA\'ATI ARODNA ROHMANA', '3524164702030003', 'P', 'Operator', 'Operator', 118, 'Packing', 'Produksi', 'borongan cabut'),
(626, '608', 'LMG-2025-476', 'Mezza luna', '3516177001070002', 'P', 'Operator', 'Operator', 118, 'Packing', 'Produksi', 'borongan cabut'),
(627, '609', 'LMG-2025-473', 'Farida puspitasari', '35241259070001', 'P', 'Operator', 'Operator', 118, 'Packing', 'Produksi', 'borongan cabut'),
(628, '610', 'LMG-2025-474', 'ANA AZZARINDE MU\'DZIROH', '3524126811070003', 'P', 'Operator', 'Operator', 118, 'Packing', 'Produksi', 'borongan cabut'),
(629, '611', 'LMG-2025-492', 'Amelia putri', '3524194511060002', 'P', 'Operator', 'Operator', 118, 'Packing', 'Produksi', 'borongan cabut'),
(630, '612', 'LMG-2025-491', 'RISQI NELI AGUSTIN', '3524165008070005', 'P', 'Operator', 'Operator', 118, 'Packing', 'Produksi', 'borongan cabut'),
(631, '613', 'LMG-2025-489', 'Yesika dewi lestari', '3524124511070001', 'P', 'Operator', 'Operator', 118, 'Packing', 'Produksi', 'borongan cabut'),
(632, '614', 'LMG-2025-487', 'KESYA PUTRI RAHMANIA', '3524165705070001', 'P', 'Operator', 'Operator', 113, 'Moulding', 'Produksi', 'borongan cabut'),
(633, '615', 'LMG-2025-494', 'Kristian prasetyo', '3524161010990003', 'L', 'Operator', 'Operator', 118, 'Packing', 'Produksi', 'borongan cabut'),
(634, '616', 'LMG-2025-496', 'Helmi rahmandhika', '3524161312970001', 'L', 'Operator', 'Operator', 118, 'Packing', 'Produksi', 'borongan cabut'),
(635, '617', 'LMG-2025-500', 'Hendrian', '3552412191106001', 'L', 'Operator', 'Operator', 118, 'Packing', 'Produksi', 'borongan cabut'),
(636, '618', 'LMG-2025-495', 'M galuh sudariyanto', '3524160405070001', 'L', 'Operator', 'Operator', 118, 'Packing', 'Produksi', 'borongan cabut'),
(637, '619', 'LMG-2025-497', 'Faiz naufal muafa', '3524162703010002', 'L', 'Operator', 'Operator', 118, 'Packing', 'Produksi', 'borongan cabut'),
(638, '620', 'LMG-2025-490', 'MOH ALDHY FIRMANSYAH', '3515152510070004', 'L', 'Operator', 'Operator', 118, 'Packing', 'Produksi', 'borongan cabut'),
(639, '621', 'LMG-2025-472', 'ANGGUN SASMITA PUSPA P', '3524196709060002', 'P', 'Operator', 'Operator', 40, 'Bahan Baku', 'Produksi', 'borongan cabut'),
(640, '622', 'LMG-2025-471', 'Ayumawulansari', '8101176109050002', 'P', 'Operator', 'Operator', NULL, 'Cabut', 'Produksi', 'borongan cabut'),
(641, '623', 'LMG-2025-506', 'Tiamagfiroh', '3524126208050001', 'P', 'Operator', 'Operator', 60, 'Cabut', 'Produksi', 'borongan cabut'),
(642, '624', 'LMG-2025-504', 'DWI PUTRI KUSNI WATI', '3524067011030005', 'P', 'Operator', 'Operator', 25, 'Cabut', 'Produksi', 'borongan cabut'),
(643, '625', 'LMG-2025-502', 'RISQI AMALIA ROHMAWATI', '3524166201010002', 'P', 'Operator', 'Operator', 2, 'Cabut', 'Produksi', 'borongan cabut'),
(644, '626', 'LMG-2025-503', 'DEVI IDKHA ARTICHA', '3524066803990001', 'P', 'Operator', 'Operator', 2, 'Cabut', 'Produksi', 'borongan cabut'),
(645, '627', 'LMG-2025-501', 'MALIA IZATUL ROHMAH', '3524124412040003', 'P', 'Operator', 'Operator', 25, 'Cabut', 'Produksi', 'borongan cabut'),
(646, '628', 'LMG-2025-511', 'AKHMAD ZANUARDI SAPUTRA', '3524162701990002', 'L', 'Operator', 'Operator', 113, 'Moulding', 'Produksi', 'borongan cabut'),
(647, '629', 'LMG-2025-512', 'NUR ACHMAD HIDAYATULLAH', '3524230910998001', 'L', 'Operator', 'Operator', 113, 'Moulding', 'Produksi', 'borongan cabut'),
(648, '630', 'LMG-2025-514', 'AHMAD NUR FITRIANTO', '3524162910060001', 'L', 'Operator', 'Operator', 113, 'Moulding', 'Produksi', 'borongan cabut'),
(649, '631', 'LMG-2025-513', 'BAMBANG IRAWAN', '3522072103990001', 'L', 'Operator', 'Operator', 113, 'Moulding', 'Produksi', 'borongan cabut'),
(650, '632', 'LMG-2025-509', 'FAUZI RAHMATULLOH', '3523132410040001', 'L', 'Operator', 'Operator', 113, 'Moulding', 'Produksi', 'borongan cabut'),
(651, '633', 'LMG-2025-510', 'ANDI SETIAWAN', '3524160504970002', 'L', 'Operator', 'Operator', NULL, 'Moulding', 'Produksi', 'borongan cabut'),
(652, '634', 'LMG-2025-522', 'DIAH TRISNAWATI', '3524125912950002', 'P', 'Operator', 'Operator', 118, 'Packing', 'Produksi', 'borongan cabut'),
(653, '635', 'LMG-2025-521', 'MUJAHIDAH SHOFINA', '3524156011060001', 'P', 'Operator', 'Operator', 118, 'Packing', 'Produksi', 'borongan cabut'),
(654, '636', 'LMG-2025-519', 'NUFIYA ALFA ARIDA', '3524125801070001', 'P', 'Operator', 'Operator', 118, 'Packing', 'Produksi', 'borongan cabut'),
(655, '637', 'LMG-2025-520', 'NAGITA YUANANDA ISTALFATAN N', '3503134507050002', 'P', 'Operator', 'Operator', 118, 'Packing', 'Produksi', 'borongan cabut'),
(656, '638', 'LMG-2025-517', 'M IRFAN', '3524111612040002', 'L', 'Operator', 'Operator', 118, 'Packing', 'Produksi', 'borongan cabut'),
(657, '639', 'LMG-2025-525', 'M TOMMI DWI SUWANTO', '3524162203940001', 'L', 'Operator', 'Operator', 118, 'Packing', 'Produksi', 'borongan cabut'),
(658, '640', 'LMG-2025-523', 'MOH SANDY PRAYOGA', '3524161705050002', 'L', 'Operator', 'Operator', 118, 'Packing', 'Produksi', 'borongan cabut'),
(659, '641', 'LMG-2025-518', 'ASROFIL WAHYUDI', '3524023007070001', 'L', 'Operator', 'Operator', 118, 'Packing', 'Produksi', 'borongan cabut'),
(660, '642', 'LMG-2025-515', 'RIFFO ARMANDO', '3524111401070001', 'L', 'Operator', 'Operator', 118, 'Packing', 'Produksi', 'borongan cabut'),
(661, '643', 'LMG-2025-524', 'INDRA DWI LUKMANTORO', '3524162511060002', 'L', 'Operator', 'Operator', 118, 'Packing', 'Produksi', 'borongan cabut'),
(662, '644', 'LMG-2025-526', 'MUTIARA TSANIA SALSABILA', '3524065710050001', 'P', 'Operator', 'Operator', NULL, '-', 'Produksi', 'borongan cabut'),
(663, '661', 'LMG-2025-557', 'M ABDUL ROHMAN A ', '3516170807030001', 'L', 'Operator', 'Operator', 118, 'Packing', 'Produksi', 'borongan cabut'),
(664, '645', 'LMG-2025-032', 'FAIS RAFLY DWI N', '3524171909060002', 'L', 'Operator', 'Operator', 22, 'Cabut', 'Produksi', 'borongan cabut'),
(665, '646', 'LMG-2025-516', 'ZUROUL CHASANAH', '3524226805040004', 'L', 'Operator', 'Operator', 118, 'Packing', 'Produksi', 'borongan cabut'),
(666, '647', 'LMG-2025-550', 'M JOHAN RIZWAR ALFATHONI', '3524163007070001', 'L', 'Operator', 'Operator', 118, 'Packing', 'Produksi', 'borongan cabut'),
(667, '648', 'LMG-2025-543', 'NAZILA PUTRI AULIYA', '3524164110060001', 'P', 'Operator', 'Operator', 118, 'Packing', 'Produksi', 'borongan cabut'),
(668, '649', 'LMG-2025-541', 'INDRI AIDA', '3524166207070001', 'P', 'Operator', 'Operator', 118, 'Packing', 'Produksi', 'borongan cabut'),
(669, '650', 'LMG-2025-547', 'HABIB MAULANA', '3524182503010001', 'L', 'Operator', 'Operator', 118, 'Packing', 'Produksi', 'borongan cabut'),
(670, '651', 'LMG-2025-545', 'SHONIF DWI FIDIANTORO', '3524122405870001', 'L', 'Operator', 'Operator', 118, 'Packing', 'Produksi', 'borongan cabut'),
(671, '652', 'LMG-2025-542', 'DIVA PUTRI ARIYANTI', '3524124808060001', 'P', 'Operator', 'Operator', 118, 'Packing', 'Produksi', 'borongan cabut'),
(672, '653', 'LMG-2025-548', 'JEFRI DICKY PRATAMA', '3524161801990001', 'L', 'Operator', 'Operator', 118, 'Packing', 'Produksi', 'borongan cabut'),
(673, '654', 'LMG-2025-544', 'Andreasramadhani', '3524162212050003', 'L', 'Operator', 'Operator', 118, 'Packing', 'Produksi', 'borongan cabut'),
(674, '655', 'LMG-2025-546', 'Adinugroho', '3524020903040001', 'L', 'Operator', 'Operator', 118, 'Packing', 'Produksi', 'borongan cabut'),
(675, '656', 'LMG-2025-549', 'REFINO RAMADHANI CANDRA W', '3524121609070004', 'L', 'Operator', 'Operator', 118, 'Packing', 'Produksi', 'borongan cabut'),
(676, '657', 'LMG-2025-553', 'MOH ALIMUN KHAKIM', '3524192103070001', 'L', 'Operator', 'Operator', 118, 'Packing', 'Produksi', 'borongan cabut'),
(677, '658', 'LMG-2025-554', 'RADIT DWI SAPUTRA', '3524112408060001', 'L', 'Operator', 'Operator', 118, 'Packing', 'Produksi', 'borongan cabut'),
(678, '659', 'LMG-2025-555', 'FIRMANSYAH NUR ADI PRATAMA', '3524190912070001', 'L', 'Operator', 'Operator', 118, 'Packing', 'Produksi', 'borongan cabut'),
(679, '660', 'LMG-2025-556', 'Davadwihendrawan', '3524160612060000', 'L', 'Operator', 'Operator', 118, 'Packing', 'Produksi', 'borongan cabut'),
(680, '662', 'LMG-2025-552', 'NOVITA AMALIA RAMADHANI', '3523194111040004', 'P', 'Operator', 'Operator', 118, 'Packing', 'Produksi', 'borongan cabut'),
(681, '663', 'LMG-2025-551', 'Yuliana', '3522204103930001', 'P', 'Operator', 'Operator', 118, 'Packing', 'Produksi', 'borongan cabut'),
(682, '664', 'LMG-2025-540', 'AMANDA TASKILA TRYSANA P', '3524065306030002', 'P', 'Operator', 'Operator', NULL, 'Cabut', 'Produksi', 'borongan cabut'),
(683, '665', 'LMG-2025-539', 'CHERRIL AULIYA RAHMA', '3524164101070003', 'P', 'Operator', 'Operator', NULL, 'Cabut', 'Produksi', 'borongan cabut'),
(684, '666', 'LMG-2025-537', 'DIAN PANDU SUSILO', '3524045905050002', 'L', 'Operator', 'Operator', NULL, 'Cabut', 'Produksi', 'borongan cabut'),
(685, '667', 'LMG-2025-530', 'FIKA AGUSTIN ZAKARIYAH', '3524164408050001', 'P', 'Operator', 'Operator', NULL, 'Moulding', 'Produksi', 'borongan cabut'),
(686, '668', 'LMG-2025-531', 'SHOFIATUM MUMAIZIZAH', '3524166705030001', 'P', 'Operator', 'Operator', NULL, 'Moulding', 'Produksi', 'borongan cabut'),
(687, '669', 'LMG-2025-528', 'NAYLATUS SAIDAH', '3524166304070001', 'P', 'Operator', 'Operator', NULL, 'Moulding', 'Produksi', 'borongan cabut'),
(688, '670', 'LMG-2025-529', 'TRIANA LUFITA DEWI', '3516174308050001', 'P', 'Operator', 'Operator', NULL, 'Moulding', 'Produksi', 'borongan cabut'),
(689, '671', 'LMG-2025-532', 'SUCI ROHMAWATI', '3524167004030001', 'P', 'Operator', 'Operator', NULL, 'Moulding', 'Produksi', 'borongan cabut'),
(690, '672', 'LMG-2025-564', 'RIZU CANDRA WAHYU ARDIANSYAH', '', 'L', 'Operator', 'Operator', NULL, 'Moulding', 'Produksi', 'borongan cabut'),
(691, '673', 'LMG-2025-563', 'M DIDIT ALFAHRUDIN', '', 'L', 'Operator', 'Operator', NULL, 'Moulding', 'Produksi', 'borongan cabut'),
(692, '674', 'LMG-2025-565', 'HERU TRIO PRASETYO', '', 'L', 'Operator', 'Operator', NULL, 'Moulding', 'Produksi', 'borongan cabut'),
(693, '675', 'LMG-2025-559', 'WINDA SRI RAHAYU', '', 'P', 'Operator', 'Operator', NULL, 'Packing', 'Produksi', 'borongan cabut'),
(694, '676', 'LMG-2025-558', 'INDAH NUR AINII', '', 'P', 'Operator', 'Operator', NULL, 'Packing', 'Produksi', 'borongan cabut'),
(695, '677', 'LMG-2025-562', 'SALSA NUR AGUSTIN', '', 'P', 'Operator', 'Operator', NULL, 'Packing', 'Produksi', 'borongan cabut'),
(696, '678', 'LMG-2025-561', 'ELISA KUMALASARI', '', 'P', 'Operator', 'Operator', NULL, 'Packing', 'Produksi', 'borongan cabut'),
(697, '679', 'LMG-2025-560', 'ULFA ROIKHATUL JANNAH', '', 'P', 'Operator', 'Operator', NULL, 'Packing', 'Produksi', 'borongan cabut'),
(698, '680', 'LMG-2025-574', 'ETY SRI UTAMI', '', 'P', 'Operator', 'Operator', 2, 'Cabut', 'Produksi', 'borongan cabut'),
(699, '681', 'LMG-2025-569', 'ZAKI AMMARSYAH', '', 'L', 'Operator', 'Operator', 118, 'Packing', 'Produksi', 'borongan cabut'),
(700, '682', 'LMG-2025-538', 'ANDIKA BRIYAN MAULANA', '', 'L', 'Operator', 'Operator', 22, 'Cabut', 'Produksi', 'borongan cabut'),
(701, '683', 'LMG-2025-573', 'DESI TRI LESTARI HARYANTI', '', 'P', 'Operator', 'Operator', 8, 'Cabut', 'Produksi', 'borongan cabut'),
(702, '684', 'LMG-2025-568', 'VINCENTIUS SEPTIAN YUANDI SOESANTO', '', 'L', 'Operator', 'Operator', 118, 'Packing', 'Produksi', 'borongan cabut'),
(703, '685', 'LMG-2025-572', 'Fari ahmad', '', 'L', 'Operator', 'Operator', 3, 'Cabut', 'Produksi', 'borongan cabut'),
(704, '686', 'LMG-2025-336', 'ACHMAD ZACKY AWALUDIN', '', 'L', 'Operator', 'Operator', NULL, 'Moulding', 'Produksi', 'borongan cabut'),
(705, '687', 'LMG-2025-577', 'BAGUS DIMAS AGUNG PRATAMA', '', 'L', 'Operator', 'Operator', NULL, 'Moulding', 'Produksi', 'borongan cabut'),
(706, '688', 'LMG-2025-576', 'IKE FITRI NOVITA SARI', '', 'P', 'Operator', 'Operator', NULL, 'Moulding', 'Produksi', 'borongan cabut'),
(707, '689', 'LMG-2025-575', 'Ekosudrajad', '', 'L', 'Operator', 'Operator', NULL, 'Moulding', 'Produksi', 'borongan cabut'),
(708, '690', 'LMG-2025-578', 'Samsulhidayat', '', 'L', 'Operator', 'Operator', NULL, 'Moulding', 'Produksi', 'borongan cabut');

-- --------------------------------------------------------

--
-- Table structure for table `users_login`
--

CREATE TABLE `users_login` (
  `id` int NOT NULL,
  `username` varchar(50) NOT NULL,
  `password` varchar(255) NOT NULL,
  `nama` varchar(100) NOT NULL,
  `level` enum('admin','manager') NOT NULL DEFAULT 'manager',
  `status` enum('active','inactive') NOT NULL DEFAULT 'active',
  `created_at` timestamp NOT NULL DEFAULT CURRENT_TIMESTAMP,
  `updated_at` timestamp NOT NULL DEFAULT CURRENT_TIMESTAMP ON UPDATE CURRENT_TIMESTAMP
) ENGINE=InnoDB DEFAULT CHARSET=utf8mb4 COLLATE=utf8mb4_0900_ai_ci;

--
-- Dumping data for table `users_login`
--

INSERT INTO `users_login` (`id`, `username`, `password`, `nama`, `level`, `status`, `created_at`, `updated_at`) VALUES
(1, 'ashzxrr2911', 'tanpasandi2911', 'Shohazar', 'admin', 'active', '2025-08-25 06:37:00', '2025-08-25 07:25:24'),
(2, 'admin', 'admin', 'Office', 'admin', 'active', '2025-09-02 03:54:55', '2025-09-16 07:11:18');

-- --------------------------------------------------------

--
-- Table structure for table `user_coba`
--

CREATE TABLE `user_coba` (
  `pin` varchar(50) NOT NULL,
  `name` varchar(100) NOT NULL
) ENGINE=InnoDB DEFAULT CHARSET=utf8mb4 COLLATE=utf8mb4_0900_ai_ci;

--
-- Dumping data for table `user_coba`
--

INSERT INTO `user_coba` (`pin`, `name`) VALUES
('1', 'ANIK'),
('10', 'SYAFI\'AH'),
('101', 'FARDHIND LUTHFI A.'),
('102', 'ANDREAN FELANI '),
('103', 'NUR ARROFATUL FITRIYAH'),
('104', 'SAFRIDAHANI'),
('105', 'DESSY KAWATY'),
('106', 'KHUSNUL FATIMAH'),
('108', 'Ahmadmaulanaiskhaq'),
('109', 'RULIATUL FIDIAH'),
('11', 'TUTIK'),
('110', 'WAHYU SURODO'),
('111', '111'),
('113', 'AHMAD NURUL IZZUDDIN'),
('115', 'LUTFI DWI FIRMANSYAH'),
('116', 'YUNI INDARWATI'),
('117', 'RAIHAN RANGGA ANDHIKA P'),
('118', 'KERINNA'),
('119', 'ZUSITA ARDHIA INDRAYANI'),
('12', 'SURAT'),
('120', 'MAS\'OED'),
('121', 'KIDUNG ALFIANI SIDIQ'),
('122', 'TONI IKHWANDI'),
('123', 'ANGGI ALFRIADIN'),
('124', 'MOH. FIRDAN ADDY M.'),
('125', 'DEDIK PRASTYO'),
('126', 'MUHAMMAD DAFIN WIDYANTO'),
('127', 'MUHAMMAD CHAKIMUN ALIM'),
('128', 'M. HARYA BAGASKARA'),
('129', 'MAINDRA ANDRI PRANATA'),
('13', 'SRI SUNARTI'),
('130', 'M. ZAINUL MU\'ARIF'),
('131', 'HENDRIK WIJAYA'),
('132', 'ANISAH INDRA PERMATA S'),
('133', 'FAHMI MAULANA'),
('134', 'M. JAMALUDDIN SAPUTRA'),
('135', 'FARID JUNAIDI PRASTYO'),
('136', 'AHMAD ADITYA MAHESA S'),
('137', 'M. NURUL YAQHIN'),
('14', 'ELIYANA SINTA BAWAFI'),
('140', 'DANANG USDIANTO'),
('141', 'AHMAD NUR SHOLIHUDIN D'),
('142', 'MOKHAMAD ILHAM MATINU J'),
('143', 'ANDRI SETIAWAN'),
('145', 'M. FAIS FEBRIAN'),
('148', 'GIAN SATRIA TINO K'),
('15', 'EVI ANA'),
('150', 'FATKHOR ROHMAN'),
('152', 'IMAM KUSNUL'),
('153', 'NIKMATUS SHOLIKHAH'),
('154', 'ANDRE FEBIAN'),
('155', 'LELY DWI SYARASWATI'),
('157', 'AHMAD SURURI'),
('158', 'SUWARI'),
('159', 'SUHAR'),
('16', 'SULAIKAH'),
('160', 'SUKAMTO'),
('161', 'AHMAD RODHI ASNAWI'),
('162', 'UJENG NOVIANA'),
('163', 'SITI JAMIL RATNAWATI'),
('164', 'SUTIKA'),
('165', 'RAHMA LATIFATUL F.'),
('166', 'IRMATUS SHOLIHAH'),
('167', 'TOTOK PRASETYO'),
('168', 'JUMASRI'),
('17', 'SUWANTO'),
('18', 'ULUL KHOIRIAH'),
('19', 'SUWANI'),
('2', 'ST. NUR FAROKAH'),
('20', 'DIAN NIVITA ROSIDA'),
('201', 'FABIAN ETMON'),
('202', 'DIMAS FEBRIAN VALENTINO'),
('203', 'MOCHAMMAD TAMAM A.'),
('204', 'MUHAMAD NAFIS ABDILLAH'),
('205', 'SILVI INDA CAHYATI'),
('21', 'JEKY ARIYANTO'),
('22', 'MUHAMMAD REGATANA '),
('23', 'SITI ROMLAH'),
('24', 'PATUR ABERTINO'),
('25', 'FHILIS SULESTARI'),
('27', 'ANAS JA\'FAR'),
('28', 'SUPI'),
('29', 'UMAIYAH'),
('3', 'SRI UTAMI'),
('30', 'DENIKO FERGIAN R'),
('32', 'INDAH PERMATA SARI'),
('33', 'MUNIRO'),
('34', 'WAHYU SURODO'),
('341', 'FANIYNUR INDRIYANI'),
('342', 'EKO SURYANTO'),
('35', 'UMARIYAH'),
('36', 'ISWANTI'),
('38', 'EDWIN SAPUTRA PENGABEAN'),
('39', 'RINA DEVI ANDRAINI'),
('4', 'SITI NUR FADLIHA'),
('40', 'CANKISWAN'),
('41', 'OQKY VERDIANSYAH'),
('42', 'moh. hasyim chozimi'),
('43', 'ALDY KURNIAWAN'),
('45', 'DIMAS ADI PUTRA STIAWAN'),
('47', 'NU\'MAN WA\'D PRAWIRO N.'),
('48', 'M.JAMALUDIN AKBAR'),
('49', 'AGUS KURNIAWAN'),
('5', 'YULIATIN'),
('50', 'SHELY ANGGRAINI'),
('51', 'ROBBY ENDHY GABRIELEO'),
('52', 'DENI RETNO PUSPITA SARI'),
('53', 'ABDUL ROUF KHOIRI'),
('54', 'SHENDY NOPITA SARI'),
('55', 'AGUNG SAPUTRA'),
('56', 'YESY WIDYAH KRISTANTI'),
('57', 'MUHAMMAD TAMAMUR RIDWAN'),
('58', 'ETIKA AINUR ROHMAH'),
('6', 'EFITA DIAN MAHAYANI'),
('60', 'LUTFI DWI FIRMANSYAH'),
('61', 'KOKO HANDOKO'),
('62', 'FEBRIANTI'),
('63', 'PUPUT INDRAWATI'),
('64', 'ADITYA VIQI MAULUDDIN'),
('65', 'ANDIKA ZULFAN'),
('66', 'AHMAD FUADDIN THOHARI'),
('67', 'ANANG IZUL MUTTHO'),
('68', 'IMAM KHUSNUL'),
('69', 'PRAYOGA DWI CAHYO'),
('7', 'ANITA'),
('70', 'ISHAQ '),
('71', 'TSALIS AKMALUDIN NI\'AM'),
('72', 'RIO SARNUDIN'),
('73', 'FARIS RAHMAN'),
('74', 'NUR ALIM ZAINURI'),
('75', 'NIKO YUDHO BINTORO'),
('76', 'DANDI MAHA PUTRA'),
('77', 'ALI MASKAN ,MUSA'),
('78', 'ERIAN AHMAD ANUGRAH'),
('79', 'ABDUH ZHIHAD AMROUSHY'),
('8', 'KARYAWATI'),
('82', 'MOH. AINUR ROFIQ S'),
('83', 'TETIK IRAWATI'),
('84', 'YULIANA DWI ROCHMAH'),
('85', 'ACH. ZAINUDDIN MAHMUD'),
('86', 'RINTO BINARKO'),
('87', 'YAYUK EKOWATI'),
('88', 'ANIS ANDARWATI'),
('9', 'NURKHASANAH'),
('90', 'AFRIAN FIRMANA'),
('91', 'NURIYATI'),
('94', 'YOFI ANDREYAN MAULANA'),
('95', 'ADITYA JOKO SAMUDRO'),
('96', 'BAYU EKO SULKAKSONO'),
('97', 'MUHAMMAD EFENDI'),
('98', 'M. GAUNG SIDIQ ALFAINI'),
('99', 'NILA WIDYA SARI');

--
-- Indexes for dumped tables
--

--
-- Indexes for table `absence_notes`
--
ALTER TABLE `absence_notes`
  ADD PRIMARY KEY (`id`),
  ADD UNIQUE KEY `uq_pin_date` (`pin`,`date`);

--
-- Indexes for table `karyawan_test`
--
ALTER TABLE `karyawan_test`
  ADD PRIMARY KEY (`id`);

--
-- Indexes for table `payroll`
--
ALTER TABLE `payroll`
  ADD PRIMARY KEY (`id`),
  ADD KEY `fk_payroll_pin` (`pin`);

--
-- Indexes for table `tabel_user`
--
ALTER TABLE `tabel_user`
  ADD PRIMARY KEY (`pin`);

--
-- Indexes for table `tb_user`
--
ALTER TABLE `tb_user`
  ADD PRIMARY KEY (`pin`);

--
-- Indexes for table `users`
--
ALTER TABLE `users`
  ADD PRIMARY KEY (`id`),
  ADD UNIQUE KEY `pin` (`pin`),
  ADD KEY `idx_pin` (`pin`),
  ADD KEY `idx_nama` (`nama`);

--
-- Indexes for table `users_login`
--
ALTER TABLE `users_login`
  ADD PRIMARY KEY (`id`),
  ADD UNIQUE KEY `username` (`username`);

--
-- Indexes for table `user_coba`
--
ALTER TABLE `user_coba`
  ADD PRIMARY KEY (`pin`);

--
-- AUTO_INCREMENT for dumped tables
--

--
-- AUTO_INCREMENT for table `absence_notes`
--
ALTER TABLE `absence_notes`
  MODIFY `id` int NOT NULL AUTO_INCREMENT, AUTO_INCREMENT=3;

--
-- AUTO_INCREMENT for table `karyawan_test`
--
ALTER TABLE `karyawan_test`
  MODIFY `id` int NOT NULL AUTO_INCREMENT, AUTO_INCREMENT=56;

--
-- AUTO_INCREMENT for table `payroll`
--
ALTER TABLE `payroll`
  MODIFY `id` int NOT NULL AUTO_INCREMENT, AUTO_INCREMENT=5;

--
-- AUTO_INCREMENT for table `users`
--
ALTER TABLE `users`
  MODIFY `id` int NOT NULL AUTO_INCREMENT, AUTO_INCREMENT=709;

--
-- AUTO_INCREMENT for table `users_login`
--
ALTER TABLE `users_login`
  MODIFY `id` int NOT NULL AUTO_INCREMENT, AUTO_INCREMENT=3;

--
-- Constraints for dumped tables
--

--
-- Constraints for table `payroll`
--
ALTER TABLE `payroll`
  ADD CONSTRAINT `fk_payroll_pin` FOREIGN KEY (`pin`) REFERENCES `users` (`pin`) ON DELETE CASCADE ON UPDATE CASCADE;
COMMIT;

/*!40101 SET CHARACTER_SET_CLIENT=@OLD_CHARACTER_SET_CLIENT */;
/*!40101 SET CHARACTER_SET_RESULTS=@OLD_CHARACTER_SET_RESULTS */;
/*!40101 SET COLLATION_CONNECTION=@OLD_COLLATION_CONNECTION */;
